reactive_experiment,rf_experiment,overlap_seconds_total,reactive_above_edge_seconds,rf_cloud_seconds,avoided_seconds,not_avoided_seconds_rf_also_above,avoided_fraction_of_reactive_above_edge,num_overlap_rows
validation-reactive-8h-concurrency-4-job-0_2025-07-10T083023_2025-07-10T163025_created_at_2025-07-10T163027.json,validation-random-forest-job-0_2025-09-18T070023_2025-09-18T150025_created_at_2025-09-18T150028.json,28500.0,1080.0000000000005,21120.0,810.0000000000005,90.0,0.7500000000000001,945
validation-reactive-8h-concurrency-4-job-0_2025-07-10T083023_2025-07-10T163025_created_at_2025-07-10T163027.json,validation-random-forest-job-0_2025-09-18T150039_2025-09-18T230041_created_at_2025-09-18T230043.json,28710.0,1080.0000000000005,19560.0,630.0,0.0,0.583333333333333,952
validation-reactive-8h-concurrency-4-job-0_2025-07-10T083023_2025-07-10T163025_created_at_2025-07-10T163027.json,validation-random-forest-job-0_2025-09-18T230054_2025-09-19T070056_created_at_2025-09-19T070058.json,28530.0,1080.0000000000005,21180.0,780.0,0.0,0.7222222222222219,946
validation-reactive-8h-concurrency-4-job-0_2025-07-10T083023_2025-07-10T163025_created_at_2025-07-10T163027.json,validation-random-forest-job-0_2025-09-19T070109_2025-09-19T150110_created_at_2025-09-19T150113.json,28380.0,1080.0000000000005,20910.0,990.0000000000005,0.0,0.9166666666666667,941
validation-reactive-8h-concurrency-4-job-0_2025-07-10T083023_2025-07-10T163025_created_at_2025-07-10T163027.json,validation-random-forest-job-0_2025-09-19T150124_2025-09-19T230127_created_at_2025-09-19T230129.json,28710.0,1080.0000000000005,19830.0,660.0,0.0,0.6111111111111108,952
validation-reactive-8h-concurrency-4-job-0_2025-07-10T083023_2025-07-10T163025_created_at_2025-07-10T163027.json,validation-random-forest-job-0_2025-09-19T230139_2025-09-20T070141_created_at_2025-09-20T070143.json,28290.0,1080.0000000000005,18420.0,690.0000000000005,0.0,0.6388888888888891,938
validation-reactive-8h-concurrency-4-job-0_2025-07-10T083023_2025-07-10T163025_created_at_2025-07-10T163027.json,validation-random-forest-job-0_2025-09-20T070154_2025-09-20T150156_created_at_2025-09-20T150159.json,28350.0,1080.0000000000005,21090.0,1050.0000000000005,30.0,0.9722222222222222,940
validation-reactive-8h-concurrency-4-job-0_2025-07-10T083023_2025-07-10T163025_created_at_2025-07-10T163027.json,validation-random-forest-job-0_2025-09-20T150209_2025-09-20T230211_created_at_2025-09-20T230213.json,28740.0,1080.0000000000005,20400.0,690.0000000000005,90.0,0.6388888888888891,953
validation-reactive-8h-concurrency-4-job-0_2025-07-10T083023_2025-07-10T163025_created_at_2025-07-10T163027.json,validation-random-forest-job-0_2025-09-20T230225_2025-09-21T070227_created_at_2025-09-21T070229.json,28230.0,1080.0000000000005,13230.0,660.0,0.0,0.6111111111111108,936
validation-reactive-8h-concurrency-4-job-0_2025-07-10T083023_2025-07-10T163025_created_at_2025-07-10T163027.json,validation-random-forest-job-0_2025-09-21T070241_2025-09-21T150243_created_at_2025-09-21T150245.json,28650.0,1080.0000000000005,18330.0,660.0,0.0,0.6111111111111108,950
validation-reactive-8h-concurrency-4-job-0_2025-07-10T083023_2025-07-10T163025_created_at_2025-07-10T163027.json,validation-random-forest-job-0_2025-09-21T150255_2025-09-21T230257_created_at_2025-09-21T230259.json,28530.0,1080.0000000000005,19680.0,900.0,0.0,0.833333333333333,946
validation-reactive-8h-concurrency-4-job-0_2025-07-10T083023_2025-07-10T163025_created_at_2025-07-10T163027.json,validation-random-forest-job-0_2025-09-21T230311_2025-09-22T070314_created_at_2025-09-22T070316.json,27810.0,1080.0000000000005,13080.0,690.0000000000005,0.0,0.6388888888888891,922
validation-reactive-8h-concurrency-4-job-0_2025-07-10T083023_2025-07-10T163025_created_at_2025-07-10T163027.json,validation-random-forest-job-0_2025-09-22T070328_2025-09-22T150330_created_at_2025-09-22T150332.json,28020.0,1080.0000000000005,13590.0,660.0,0.0,0.6111111111111108,929
validation-reactive-8h-concurrency-4-job-0_2025-07-10T083023_2025-07-10T163025_created_at_2025-07-10T163027.json,validation-random-forest-job-0_2025-09-22T150343_2025-09-22T230345_created_at_2025-09-22T230347.json,28680.0,1080.0000000000005,19500.0,600.0,0.0,0.5555555555555554,951
validation-reactive-8h-concurrency-4-job-0_2025-07-10T083023_2025-07-10T163025_created_at_2025-07-10T163027.json,validation-random-forest-job-0_2025-09-22T230358_2025-09-23T070400_created_at_2025-09-23T070402.json,28140.0,1080.0000000000005,13170.0,690.0000000000005,0.0,0.6388888888888891,933
validation-reactive-8h-concurrency-4-job-0_2025-07-11T094508_2025-07-11T174510_created_at_2025-07-11T174512.json,validation-random-forest-job-0_2025-09-18T070023_2025-09-18T150025_created_at_2025-09-18T150028.json,28440.0,1020.0,21060.0,810.0,90.0,0.7941176470588235,945
validation-reactive-8h-concurrency-4-job-0_2025-07-11T094508_2025-07-11T174510_created_at_2025-07-11T174512.json,validation-random-forest-job-0_2025-09-18T150039_2025-09-18T230041_created_at_2025-09-18T230043.json,28650.0,1020.0,19530.0,510.0,90.0,0.5,952
validation-reactive-8h-concurrency-4-job-0_2025-07-11T094508_2025-07-11T174510_created_at_2025-07-11T174512.json,validation-random-forest-job-0_2025-09-18T230054_2025-09-19T070056_created_at_2025-09-19T070058.json,28470.0,1020.0,21120.0,600.0,0.0,0.5882352941176471,946
validation-reactive-8h-concurrency-4-job-0_2025-07-11T094508_2025-07-11T174510_created_at_2025-07-11T174512.json,validation-random-forest-job-0_2025-09-19T070109_2025-09-19T150110_created_at_2025-09-19T150113.json,28320.0,1020.0,20850.0,930.0,0.0,0.9117647058823529,941
validation-reactive-8h-concurrency-4-job-0_2025-07-11T094508_2025-07-11T174510_created_at_2025-07-11T174512.json,validation-random-forest-job-0_2025-09-19T150124_2025-09-19T230127_created_at_2025-09-19T230129.json,28650.0,1020.0,19800.0,630.0,0.0,0.6176470588235294,952
validation-reactive-8h-concurrency-4-job-0_2025-07-11T094508_2025-07-11T174510_created_at_2025-07-11T174512.json,validation-random-forest-job-0_2025-09-19T230139_2025-09-20T070141_created_at_2025-09-20T070143.json,28230.0,1020.0,18360.0,630.0,0.0,0.6176470588235294,938
validation-reactive-8h-concurrency-4-job-0_2025-07-11T094508_2025-07-11T174510_created_at_2025-07-11T174512.json,validation-random-forest-job-0_2025-09-20T070154_2025-09-20T150156_created_at_2025-09-20T150159.json,28290.0,1020.0,21030.0,1020.0,0.0,1.0,940
validation-reactive-8h-concurrency-4-job-0_2025-07-11T094508_2025-07-11T174510_created_at_2025-07-11T174512.json,validation-random-forest-job-0_2025-09-20T150209_2025-09-20T230211_created_at_2025-09-20T230213.json,28680.0,1020.0,20340.0,720.0,60.0,0.7058823529411765,953
validation-reactive-8h-concurrency-4-job-0_2025-07-11T094508_2025-07-11T174510_created_at_2025-07-11T174512.json,validation-random-forest-job-0_2025-09-20T230225_2025-09-21T070227_created_at_2025-09-21T070229.json,28170.0,1020.0,13170.0,570.0,0.0,0.5588235294117647,936
validation-reactive-8h-concurrency-4-job-0_2025-07-11T094508_2025-07-11T174510_created_at_2025-07-11T174512.json,validation-random-forest-job-0_2025-09-21T070241_2025-09-21T150243_created_at_2025-09-21T150245.json,28590.0,1020.0,18270.0,570.0,0.0,0.5588235294117647,950
validation-reactive-8h-concurrency-4-job-0_2025-07-11T094508_2025-07-11T174510_created_at_2025-07-11T174512.json,validation-random-forest-job-0_2025-09-21T150255_2025-09-21T230257_created_at_2025-09-21T230259.json,28470.0,1020.0,19620.0,840.0,0.0,0.8235294117647058,946
validation-reactive-8h-concurrency-4-job-0_2025-07-11T094508_2025-07-11T174510_created_at_2025-07-11T174512.json,validation-random-forest-job-0_2025-09-21T230311_2025-09-22T070314_created_at_2025-09-22T070316.json,27750.0,1020.0,13020.0,570.0,0.0,0.5588235294117647,922
validation-reactive-8h-concurrency-4-job-0_2025-07-11T094508_2025-07-11T174510_created_at_2025-07-11T174512.json,validation-random-forest-job-0_2025-09-22T070328_2025-09-22T150330_created_at_2025-09-22T150332.json,27960.0,1020.0,13530.0,570.0,0.0,0.5588235294117647,929
validation-reactive-8h-concurrency-4-job-0_2025-07-11T094508_2025-07-11T174510_created_at_2025-07-11T174512.json,validation-random-forest-job-0_2025-09-22T150343_2025-09-22T230345_created_at_2025-09-22T230347.json,28620.0,1020.0,19440.0,510.0,0.0,0.5,951
validation-reactive-8h-concurrency-4-job-0_2025-07-11T094508_2025-07-11T174510_created_at_2025-07-11T174512.json,validation-random-forest-job-0_2025-09-22T230358_2025-09-23T070400_created_at_2025-09-23T070402.json,28080.0,1020.0,13110.0,630.0,0.0,0.6176470588235294,933
validation-reactive-8h-concurrency-4-job-0_2025-07-14T014725_2025-07-14T094727_created_at_2025-07-14T094729.json,validation-random-forest-job-0_2025-09-18T070023_2025-09-18T150025_created_at_2025-09-18T150028.json,28410.0,690.0,21030.0,510.0,90.0,0.7391304347826086,945
validation-reactive-8h-concurrency-4-job-0_2025-07-14T014725_2025-07-14T094727_created_at_2025-07-14T094729.json,validation-random-forest-job-0_2025-09-18T150039_2025-09-18T230041_created_at_2025-09-18T230043.json,28620.0,690.0,19500.0,450.0,0.0,0.6521739130434783,952
validation-reactive-8h-concurrency-4-job-0_2025-07-14T014725_2025-07-14T094727_created_at_2025-07-14T094729.json,validation-random-forest-job-0_2025-09-18T230054_2025-09-19T070056_created_at_2025-09-19T070058.json,28440.0,690.0,21120.0,510.0,0.0,0.7391304347826086,946
validation-reactive-8h-concurrency-4-job-0_2025-07-14T014725_2025-07-14T094727_created_at_2025-07-14T094729.json,validation-random-forest-job-0_2025-09-19T070109_2025-09-19T150110_created_at_2025-09-19T150113.json,28290.0,690.0,20820.0,690.0,0.0,1.0,941
validation-reactive-8h-concurrency-4-job-0_2025-07-14T014725_2025-07-14T094727_created_at_2025-07-14T094729.json,validation-random-forest-job-0_2025-09-19T150124_2025-09-19T230127_created_at_2025-09-19T230129.json,28620.0,690.0,19770.0,450.0,0.0,0.6521739130434783,952
validation-reactive-8h-concurrency-4-job-0_2025-07-14T014725_2025-07-14T094727_created_at_2025-07-14T094729.json,validation-random-forest-job-0_2025-09-19T230139_2025-09-20T070141_created_at_2025-09-20T070143.json,28200.0,690.0,18360.0,450.0,0.0,0.6521739130434783,938
validation-reactive-8h-concurrency-4-job-0_2025-07-14T014725_2025-07-14T094727_created_at_2025-07-14T094729.json,validation-random-forest-job-0_2025-09-20T070154_2025-09-20T150156_created_at_2025-09-20T150159.json,28260.0,690.0,21000.0,690.0,0.0,1.0,940
validation-reactive-8h-concurrency-4-job-0_2025-07-14T014725_2025-07-14T094727_created_at_2025-07-14T094729.json,validation-random-forest-job-0_2025-09-20T150209_2025-09-20T230211_created_at_2025-09-20T230213.json,28650.0,690.0,20310.0,450.0,30.0,0.6521739130434783,953
validation-reactive-8h-concurrency-4-job-0_2025-07-14T014725_2025-07-14T094727_created_at_2025-07-14T094729.json,validation-random-forest-job-0_2025-09-20T230225_2025-09-21T070227_created_at_2025-09-21T070229.json,28140.0,690.0,13170.0,450.0,0.0,0.6521739130434783,936
validation-reactive-8h-concurrency-4-job-0_2025-07-14T014725_2025-07-14T094727_created_at_2025-07-14T094729.json,validation-random-forest-job-0_2025-09-21T070241_2025-09-21T150243_created_at_2025-09-21T150245.json,28560.0,690.0,18270.0,450.0,0.0,0.6521739130434783,950
validation-reactive-8h-concurrency-4-job-0_2025-07-14T014725_2025-07-14T094727_created_at_2025-07-14T094729.json,validation-random-forest-job-0_2025-09-21T150255_2025-09-21T230257_created_at_2025-09-21T230259.json,28440.0,690.0,19590.0,630.0,0.0,0.9130434782608695,946
validation-reactive-8h-concurrency-4-job-0_2025-07-14T014725_2025-07-14T094727_created_at_2025-07-14T094729.json,validation-random-forest-job-0_2025-09-21T230311_2025-09-22T070314_created_at_2025-09-22T070316.json,27720.0,690.0,13020.0,450.0,0.0,0.6521739130434783,922
validation-reactive-8h-concurrency-4-job-0_2025-07-14T014725_2025-07-14T094727_created_at_2025-07-14T094729.json,validation-random-forest-job-0_2025-09-22T070328_2025-09-22T150330_created_at_2025-09-22T150332.json,27930.0,690.0,13530.0,450.0,0.0,0.6521739130434783,929
validation-reactive-8h-concurrency-4-job-0_2025-07-14T014725_2025-07-14T094727_created_at_2025-07-14T094729.json,validation-random-forest-job-0_2025-09-22T150343_2025-09-22T230345_created_at_2025-09-22T230347.json,28590.0,690.0,19440.0,390.0,0.0,0.5652173913043478,951
validation-reactive-8h-concurrency-4-job-0_2025-07-14T014725_2025-07-14T094727_created_at_2025-07-14T094729.json,validation-random-forest-job-0_2025-09-22T230358_2025-09-23T070400_created_at_2025-09-23T070402.json,28050.0,690.0,13110.0,450.0,0.0,0.6521739130434783,933
validation-reactive-8h-concurrency-4-job-0_2025-07-16T175000_2025-07-17T015002_created_at_2025-07-17T015004.json,validation-random-forest-job-0_2025-09-18T070023_2025-09-18T150025_created_at_2025-09-18T150028.json,28380.0,1020.0,21000.0,780.0,90.0,0.7647058823529411,945
validation-reactive-8h-concurrency-4-job-0_2025-07-16T175000_2025-07-17T015002_created_at_2025-07-17T015004.json,validation-random-forest-job-0_2025-09-18T150039_2025-09-18T230041_created_at_2025-09-18T230043.json,28590.0,1020.0,19470.0,540.0,120.0,0.5294117647058824,952
validation-reactive-8h-concurrency-4-job-0_2025-07-16T175000_2025-07-17T015002_created_at_2025-07-17T015004.json,validation-random-forest-job-0_2025-09-18T230054_2025-09-19T070056_created_at_2025-09-19T070058.json,28410.0,1020.0,21090.0,570.0,0.0,0.5588235294117647,946
validation-reactive-8h-concurrency-4-job-0_2025-07-16T175000_2025-07-17T015002_created_at_2025-07-17T015004.json,validation-random-forest-job-0_2025-09-19T070109_2025-09-19T150110_created_at_2025-09-19T150113.json,28260.0,1020.0,20790.0,960.0,0.0,0.9411764705882353,941
validation-reactive-8h-concurrency-4-job-0_2025-07-16T175000_2025-07-17T015002_created_at_2025-07-17T015004.json,validation-random-forest-job-0_2025-09-19T150124_2025-09-19T230127_created_at_2025-09-19T230129.json,28590.0,1020.0,19740.0,660.0,0.0,0.6470588235294118,952
validation-reactive-8h-concurrency-4-job-0_2025-07-16T175000_2025-07-17T015002_created_at_2025-07-17T015004.json,validation-random-forest-job-0_2025-09-19T230139_2025-09-20T070141_created_at_2025-09-20T070143.json,28170.0,1020.0,18330.0,570.0,0.0,0.5588235294117647,938
validation-reactive-8h-concurrency-4-job-0_2025-07-16T175000_2025-07-17T015002_created_at_2025-07-17T015004.json,validation-random-forest-job-0_2025-09-20T070154_2025-09-20T150156_created_at_2025-09-20T150159.json,28230.0,1020.0,20970.0,960.0,0.0,0.9411764705882353,940
validation-reactive-8h-concurrency-4-job-0_2025-07-16T175000_2025-07-17T015002_created_at_2025-07-17T015004.json,validation-random-forest-job-0_2025-09-20T150209_2025-09-20T230211_created_at_2025-09-20T230213.json,28620.0,1020.0,20280.0,690.0,60.0,0.6764705882352942,953
validation-reactive-8h-concurrency-4-job-0_2025-07-16T175000_2025-07-17T015002_created_at_2025-07-17T015004.json,validation-random-forest-job-0_2025-09-20T230225_2025-09-21T070227_created_at_2025-09-21T070229.json,28110.0,1020.0,13140.0,570.0,0.0,0.5588235294117647,936
validation-reactive-8h-concurrency-4-job-0_2025-07-16T175000_2025-07-17T015002_created_at_2025-07-17T015004.json,validation-random-forest-job-0_2025-09-21T070241_2025-09-21T150243_created_at_2025-09-21T150245.json,28530.0,1020.0,18240.0,570.0,0.0,0.5588235294117647,950
validation-reactive-8h-concurrency-4-job-0_2025-07-16T175000_2025-07-17T015002_created_at_2025-07-17T015004.json,validation-random-forest-job-0_2025-09-21T150255_2025-09-21T230257_created_at_2025-09-21T230259.json,28410.0,1020.0,19560.0,870.0,0.0,0.8529411764705882,946
validation-reactive-8h-concurrency-4-job-0_2025-07-16T175000_2025-07-17T015002_created_at_2025-07-17T015004.json,validation-random-forest-job-0_2025-09-21T230311_2025-09-22T070314_created_at_2025-09-22T070316.json,27690.0,1020.0,12990.000000000002,570.0,0.0,0.5588235294117647,922
validation-reactive-8h-concurrency-4-job-0_2025-07-16T175000_2025-07-17T015002_created_at_2025-07-17T015004.json,validation-random-forest-job-0_2025-09-22T070328_2025-09-22T150330_created_at_2025-09-22T150332.json,27900.0,1020.0,13500.0,570.0,0.0,0.5588235294117647,929
validation-reactive-8h-concurrency-4-job-0_2025-07-16T175000_2025-07-17T015002_created_at_2025-07-17T015004.json,validation-random-forest-job-0_2025-09-22T150343_2025-09-22T230345_created_at_2025-09-22T230347.json,28560.0,1020.0,19410.0,510.0,30.0,0.5,951
validation-reactive-8h-concurrency-4-job-0_2025-07-16T175000_2025-07-17T015002_created_at_2025-07-17T015004.json,validation-random-forest-job-0_2025-09-22T230358_2025-09-23T070400_created_at_2025-09-23T070402.json,28020.0,1020.0,13080.0,570.0,0.0,0.5588235294117647,933
validation-reactive-updated-job-0_2025-09-09T080007_2025-09-09T160009_created_at_2025-09-09T160012.json,validation-random-forest-job-0_2025-09-18T070023_2025-09-18T150025_created_at_2025-09-18T150028.json,28770.0,1740.0,21360.0,1500.0,90.0,0.8620689655172413,941
validation-reactive-updated-job-0_2025-09-09T080007_2025-09-09T160009_created_at_2025-09-09T160012.json,validation-random-forest-job-0_2025-09-18T150039_2025-09-18T230041_created_at_2025-09-18T230043.json,28770.0,1740.0,19620.0,1260.0,150.0,0.7241379310344828,941
validation-reactive-updated-job-0_2025-09-09T080007_2025-09-09T160009_created_at_2025-09-09T160012.json,validation-random-forest-job-0_2025-09-18T230054_2025-09-19T070056_created_at_2025-09-19T070058.json,28770.0,1740.0,21300.0,1380.0,0.0,0.7931034482758621,941
validation-reactive-updated-job-0_2025-09-09T080007_2025-09-09T160009_created_at_2025-09-09T160012.json,validation-random-forest-job-0_2025-09-19T070109_2025-09-19T150110_created_at_2025-09-19T150113.json,28770.0,1740.0,21270.0,1680.0,0.0,0.9655172413793104,941
validation-reactive-updated-job-0_2025-09-09T080007_2025-09-09T160009_created_at_2025-09-09T160012.json,validation-random-forest-job-0_2025-09-19T150124_2025-09-19T230127_created_at_2025-09-19T230129.json,28770.0,1740.0,19770.0,1260.0,0.0,0.7241379310344828,941
validation-reactive-updated-job-0_2025-09-09T080007_2025-09-09T160009_created_at_2025-09-09T160012.json,validation-random-forest-job-0_2025-09-19T230139_2025-09-20T070141_created_at_2025-09-20T070143.json,28680.0,1740.0,18690.0,1020.0,0.0,0.5862068965517241,938
validation-reactive-updated-job-0_2025-09-09T080007_2025-09-09T160009_created_at_2025-09-09T160012.json,validation-random-forest-job-0_2025-09-20T070154_2025-09-20T150156_created_at_2025-09-20T150159.json,28740.0,1740.0,21450.0,1740.0,0.0,1.0,940
validation-reactive-updated-job-0_2025-09-09T080007_2025-09-09T160009_created_at_2025-09-09T160012.json,validation-random-forest-job-0_2025-09-20T150209_2025-09-20T230211_created_at_2025-09-20T230213.json,28770.0,1740.0,20400.0,1410.0,60.0,0.8103448275862069,941
validation-reactive-updated-job-0_2025-09-09T080007_2025-09-09T160009_created_at_2025-09-09T160012.json,validation-random-forest-job-0_2025-09-20T230225_2025-09-21T070227_created_at_2025-09-21T070229.json,28620.0,1740.0,13500.0,780.0,0.0,0.4482758620689655,936
validation-reactive-updated-job-0_2025-09-09T080007_2025-09-09T160009_created_at_2025-09-09T160012.json,validation-random-forest-job-0_2025-09-21T070241_2025-09-21T150243_created_at_2025-09-21T150245.json,28770.0,1740.0,18330.0,1020.0,0.0,0.5862068965517241,941
validation-reactive-updated-job-0_2025-09-09T080007_2025-09-09T160009_created_at_2025-09-09T160012.json,validation-random-forest-job-0_2025-09-21T150255_2025-09-21T230257_created_at_2025-09-21T230259.json,28770.0,1740.0,19890.0,1650.0,0.0,0.9482758620689655,941
validation-reactive-updated-job-0_2025-09-09T080007_2025-09-09T160009_created_at_2025-09-09T160012.json,validation-random-forest-job-0_2025-09-21T230311_2025-09-22T070314_created_at_2025-09-22T070316.json,28200.0,1740.0,13350.0,780.0,0.0,0.4482758620689655,922
validation-reactive-updated-job-0_2025-09-09T080007_2025-09-09T160009_created_at_2025-09-09T160012.json,validation-random-forest-job-0_2025-09-22T070328_2025-09-22T150330_created_at_2025-09-22T150332.json,28410.0,1740.0,13860.0,780.0,0.0,0.4482758620689655,929
validation-reactive-updated-job-0_2025-09-09T080007_2025-09-09T160009_created_at_2025-09-09T160012.json,validation-random-forest-job-0_2025-09-22T150343_2025-09-22T230345_created_at_2025-09-22T230347.json,28770.0,1740.0,19470.0,1260.0,0.0,0.7241379310344828,941
validation-reactive-updated-job-0_2025-09-09T080007_2025-09-09T160009_created_at_2025-09-09T160012.json,validation-random-forest-job-0_2025-09-22T230358_2025-09-23T070400_created_at_2025-09-23T070402.json,28530.0,1740.0,13440.0,780.0,0.0,0.4482758620689655,933
validation-reactive-updated-job-0_2025-09-09T160024_2025-09-10T000026_created_at_2025-09-10T000028.json,validation-random-forest-job-0_2025-09-18T070023_2025-09-18T150025_created_at_2025-09-18T150028.json,28740.0,1710.0,21300.0,1350.0,0.0,0.7894736842105263,933
validation-reactive-updated-job-0_2025-09-09T160024_2025-09-10T000026_created_at_2025-09-10T000028.json,validation-random-forest-job-0_2025-09-18T150039_2025-09-18T230041_created_at_2025-09-18T230043.json,28740.0,1710.0,19560.0,1290.0,0.0,0.7543859649122807,933
validation-reactive-updated-job-0_2025-09-09T160024_2025-09-10T000026_created_at_2025-09-10T000028.json,validation-random-forest-job-0_2025-09-18T230054_2025-09-19T070056_created_at_2025-09-19T070058.json,28740.0,1710.0,21420.0,1710.0,0.0,1.0,933
validation-reactive-updated-job-0_2025-09-09T160024_2025-09-10T000026_created_at_2025-09-10T000028.json,validation-random-forest-job-0_2025-09-19T070109_2025-09-19T150110_created_at_2025-09-19T150113.json,28740.0,1710.0,21210.0,1380.0,0.0,0.8070175438596491,933
validation-reactive-updated-job-0_2025-09-09T160024_2025-09-10T000026_created_at_2025-09-10T000028.json,validation-random-forest-job-0_2025-09-19T150124_2025-09-19T230127_created_at_2025-09-19T230129.json,28740.0,1710.0,19830.0,1290.0,0.0,0.7543859649122807,933
validation-reactive-updated-job-0_2025-09-09T160024_2025-09-10T000026_created_at_2025-09-10T000028.json,validation-random-forest-job-0_2025-09-19T230139_2025-09-20T070141_created_at_2025-09-20T070143.json,28740.0,1710.0,18900.0,1710.0,0.0,1.0,933
validation-reactive-updated-job-0_2025-09-09T160024_2025-09-10T000026_created_at_2025-09-10T000028.json,validation-random-forest-job-0_2025-09-20T070154_2025-09-20T150156_created_at_2025-09-20T150159.json,28740.0,1710.0,21420.0,1290.0,0.0,0.7543859649122807,933
validation-reactive-updated-job-0_2025-09-09T160024_2025-09-10T000026_created_at_2025-09-10T000028.json,validation-random-forest-job-0_2025-09-20T150209_2025-09-20T230211_created_at_2025-09-20T230213.json,28740.0,1710.0,20340.0,1290.0,0.0,0.7543859649122807,933
validation-reactive-updated-job-0_2025-09-09T160024_2025-09-10T000026_created_at_2025-09-10T000028.json,validation-random-forest-job-0_2025-09-20T230225_2025-09-21T070227_created_at_2025-09-21T070229.json,28740.0,1710.0,13770.0,1710.0,0.0,1.0,933
validation-reactive-updated-job-0_2025-09-09T160024_2025-09-10T000026_created_at_2025-09-10T000028.json,validation-random-forest-job-0_2025-09-21T070241_2025-09-21T150243_created_at_2025-09-21T150245.json,28740.0,1710.0,18450.0,1710.0,0.0,1.0,933
validation-reactive-updated-job-0_2025-09-09T160024_2025-09-10T000026_created_at_2025-09-10T000028.json,validation-random-forest-job-0_2025-09-21T150255_2025-09-21T230257_created_at_2025-09-21T230259.json,28740.0,1710.0,19830.0,1290.0,0.0,0.7543859649122807,933
validation-reactive-updated-job-0_2025-09-09T160024_2025-09-10T000026_created_at_2025-09-10T000028.json,validation-random-forest-job-0_2025-09-21T230311_2025-09-22T070314_created_at_2025-09-22T070316.json,28410.0,1710.0,13650.0,1290.0,0.0,0.7543859649122807,922
validation-reactive-updated-job-0_2025-09-09T160024_2025-09-10T000026_created_at_2025-09-10T000028.json,validation-random-forest-job-0_2025-09-22T070328_2025-09-22T150330_created_at_2025-09-22T150332.json,28620.0,1710.0,14160.0,1290.0,0.0,0.7543859649122807,929
validation-reactive-updated-job-0_2025-09-09T160024_2025-09-10T000026_created_at_2025-09-10T000028.json,validation-random-forest-job-0_2025-09-22T150343_2025-09-22T230345_created_at_2025-09-22T230347.json,28740.0,1710.0,19530.0,1290.0,0.0,0.7543859649122807,933
validation-reactive-updated-job-0_2025-09-09T160024_2025-09-10T000026_created_at_2025-09-10T000028.json,validation-random-forest-job-0_2025-09-22T230358_2025-09-23T070400_created_at_2025-09-23T070402.json,28740.0,1710.0,13740.0,1320.0,0.0,0.7719298245614035,933
validation-reactive-updated-job-0_2025-09-10T000040_2025-09-10T080041_created_at_2025-09-10T080043.json,validation-random-forest-job-0_2025-09-18T070023_2025-09-18T150025_created_at_2025-09-18T150028.json,28680.0,1110.0,21270.0,750.0,0.0,0.6756756756756757,945
validation-reactive-updated-job-0_2025-09-10T000040_2025-09-10T080041_created_at_2025-09-10T080043.json,validation-random-forest-job-0_2025-09-18T150039_2025-09-18T230041_created_at_2025-09-18T230043.json,28770.0,1110.0,19620.0,750.0,0.0,0.6756756756756757,948
validation-reactive-updated-job-0_2025-09-10T000040_2025-09-10T080041_created_at_2025-09-10T080043.json,validation-random-forest-job-0_2025-09-18T230054_2025-09-19T070056_created_at_2025-09-19T070058.json,28710.0,1110.0,21360.0,1110.0,0.0,1.0,946
validation-reactive-updated-job-0_2025-09-10T000040_2025-09-10T080041_created_at_2025-09-10T080043.json,validation-random-forest-job-0_2025-09-19T070109_2025-09-19T150110_created_at_2025-09-19T150113.json,28560.0,1110.0,21060.0,810.0,0.0,0.7297297297297297,941
validation-reactive-updated-job-0_2025-09-10T000040_2025-09-10T080041_created_at_2025-09-10T080043.json,validation-random-forest-job-0_2025-09-19T150124_2025-09-19T230127_created_at_2025-09-19T230129.json,28770.0,1110.0,19890.0,750.0,0.0,0.6756756756756757,948
validation-reactive-updated-job-0_2025-09-10T000040_2025-09-10T080041_created_at_2025-09-10T080043.json,validation-random-forest-job-0_2025-09-19T230139_2025-09-20T070141_created_at_2025-09-20T070143.json,28470.0,1110.0,18600.0,780.0,0.0,0.7027027027027027,938
validation-reactive-updated-job-0_2025-09-10T000040_2025-09-10T080041_created_at_2025-09-10T080043.json,validation-random-forest-job-0_2025-09-20T070154_2025-09-20T150156_created_at_2025-09-20T150159.json,28530.0,1110.0,21240.0,870.0,90.0,0.7837837837837838,940
validation-reactive-updated-job-0_2025-09-10T000040_2025-09-10T080041_created_at_2025-09-10T080043.json,validation-random-forest-job-0_2025-09-20T150209_2025-09-20T230211_created_at_2025-09-20T230213.json,28770.0,1110.0,20400.0,750.0,0.0,0.6756756756756757,948
validation-reactive-updated-job-0_2025-09-10T000040_2025-09-10T080041_created_at_2025-09-10T080043.json,validation-random-forest-job-0_2025-09-20T230225_2025-09-21T070227_created_at_2025-09-21T070229.json,28410.0,1110.0,13410.0,900.0,0.0,0.8108108108108109,936
validation-reactive-updated-job-0_2025-09-10T000040_2025-09-10T080041_created_at_2025-09-10T080043.json,validation-random-forest-job-0_2025-09-21T070241_2025-09-21T150243_created_at_2025-09-21T150245.json,28770.0,1110.0,18450.0,870.0,0.0,0.7837837837837838,948
validation-reactive-updated-job-0_2025-09-10T000040_2025-09-10T080041_created_at_2025-09-10T080043.json,validation-random-forest-job-0_2025-09-21T150255_2025-09-21T230257_created_at_2025-09-21T230259.json,28710.0,1110.0,19830.0,780.0,0.0,0.7027027027027027,946
validation-reactive-updated-job-0_2025-09-10T000040_2025-09-10T080041_created_at_2025-09-10T080043.json,validation-random-forest-job-0_2025-09-21T230311_2025-09-22T070314_created_at_2025-09-22T070316.json,27990.0,1110.0,13260.0,750.0,0.0,0.6756756756756757,922
validation-reactive-updated-job-0_2025-09-10T000040_2025-09-10T080041_created_at_2025-09-10T080043.json,validation-random-forest-job-0_2025-09-22T070328_2025-09-22T150330_created_at_2025-09-22T150332.json,28200.0,1110.0,13770.0,750.0,0.0,0.6756756756756757,929
validation-reactive-updated-job-0_2025-09-10T000040_2025-09-10T080041_created_at_2025-09-10T080043.json,validation-random-forest-job-0_2025-09-22T150343_2025-09-22T230345_created_at_2025-09-22T230347.json,28770.0,1110.0,19590.0,750.0,0.0,0.6756756756756757,948
validation-reactive-updated-job-0_2025-09-10T000040_2025-09-10T080041_created_at_2025-09-10T080043.json,validation-random-forest-job-0_2025-09-22T230358_2025-09-23T070400_created_at_2025-09-23T070402.json,28320.0,1110.0,13350.0,750.0,0.0,0.6756756756756757,933
validation-reactive-updated-job-0_2025-09-10T080055_2025-09-10T160057_created_at_2025-09-10T160059.json,validation-random-forest-job-0_2025-09-18T070023_2025-09-18T150025_created_at_2025-09-18T150028.json,28740.0,1050.0000000000005,21270.0,570.0000000000005,0.0,0.542857142857143,945
validation-reactive-updated-job-0_2025-09-10T080055_2025-09-10T160057_created_at_2025-09-10T160059.json,validation-random-forest-job-0_2025-09-18T150039_2025-09-18T230041_created_at_2025-09-18T230043.json,28740.0,1050.0000000000005,19530.0,540.0,0.0,0.514285714285714,945
validation-reactive-updated-job-0_2025-09-10T080055_2025-09-10T160057_created_at_2025-09-10T160059.json,validation-random-forest-job-0_2025-09-18T230054_2025-09-19T070056_created_at_2025-09-19T070058.json,28740.0,1050.0000000000005,21390.0,960.0,0.0,0.9142857142857139,945
validation-reactive-updated-job-0_2025-09-10T080055_2025-09-10T160057_created_at_2025-09-10T160059.json,validation-random-forest-job-0_2025-09-19T070109_2025-09-19T150110_created_at_2025-09-19T150113.json,28620.0,1050.0000000000005,21120.0,630.0,0.0,0.5999999999999998,941
validation-reactive-updated-job-0_2025-09-10T080055_2025-09-10T160057_created_at_2025-09-10T160059.json,validation-random-forest-job-0_2025-09-19T150124_2025-09-19T230127_created_at_2025-09-19T230129.json,28740.0,1050.0000000000005,19800.0,540.0,0.0,0.514285714285714,945
validation-reactive-updated-job-0_2025-09-10T080055_2025-09-10T160057_created_at_2025-09-10T160059.json,validation-random-forest-job-0_2025-09-19T230139_2025-09-20T070141_created_at_2025-09-20T070143.json,28530.0,1050.0000000000005,18600.0,600.0,0.0,0.5714285714285712,938
validation-reactive-updated-job-0_2025-09-10T080055_2025-09-10T160057_created_at_2025-09-10T160059.json,validation-random-forest-job-0_2025-09-20T070154_2025-09-20T150156_created_at_2025-09-20T150159.json,28590.0,1050.0000000000005,21300.0,720.0000000000005,90.0,0.6857142857142858,940
validation-reactive-updated-job-0_2025-09-10T080055_2025-09-10T160057_created_at_2025-09-10T160059.json,validation-random-forest-job-0_2025-09-20T150209_2025-09-20T230211_created_at_2025-09-20T230213.json,28740.0,1050.0000000000005,20310.0,540.0,0.0,0.514285714285714,945
validation-reactive-updated-job-0_2025-09-10T080055_2025-09-10T160057_created_at_2025-09-10T160059.json,validation-random-forest-job-0_2025-09-20T230225_2025-09-21T070227_created_at_2025-09-21T070229.json,28470.0,1050.0000000000005,13410.0,720.0,0.0,0.6857142857142854,936
validation-reactive-updated-job-0_2025-09-10T080055_2025-09-10T160057_created_at_2025-09-10T160059.json,validation-random-forest-job-0_2025-09-21T070241_2025-09-21T150243_created_at_2025-09-21T150245.json,28740.0,1050.0000000000005,18360.0,690.0,0.0,0.6571428571428568,945
validation-reactive-updated-job-0_2025-09-10T080055_2025-09-10T160057_created_at_2025-09-10T160059.json,validation-random-forest-job-0_2025-09-21T150255_2025-09-21T230257_created_at_2025-09-21T230259.json,28740.0,1050.0000000000005,19800.0,540.0,0.0,0.514285714285714,945
validation-reactive-updated-job-0_2025-09-10T080055_2025-09-10T160057_created_at_2025-09-10T160059.json,validation-random-forest-job-0_2025-09-21T230311_2025-09-22T070314_created_at_2025-09-22T070316.json,28050.0,1050.0000000000005,13260.0,540.0,0.0,0.514285714285714,922
validation-reactive-updated-job-0_2025-09-10T080055_2025-09-10T160057_created_at_2025-09-10T160059.json,validation-random-forest-job-0_2025-09-22T070328_2025-09-22T150330_created_at_2025-09-22T150332.json,28260.0,1050.0000000000005,13770.0,540.0,0.0,0.514285714285714,929
validation-reactive-updated-job-0_2025-09-10T080055_2025-09-10T160057_created_at_2025-09-10T160059.json,validation-random-forest-job-0_2025-09-22T150343_2025-09-22T230345_created_at_2025-09-22T230347.json,28740.0,1050.0000000000005,19500.0,540.0,0.0,0.514285714285714,945
validation-reactive-updated-job-0_2025-09-10T080055_2025-09-10T160057_created_at_2025-09-10T160059.json,validation-random-forest-job-0_2025-09-22T230358_2025-09-23T070400_created_at_2025-09-23T070402.json,28380.0,1050.0000000000005,13350.0,540.0,0.0,0.514285714285714,933
validation-reactive-updated-job-0_2025-09-10T160110_2025-09-11T000112_created_at_2025-09-11T000114.json,validation-random-forest-job-0_2025-09-18T070023_2025-09-18T150025_created_at_2025-09-18T150028.json,28440.0,690.0,21030.0,450.0,90.0,0.6521739130434783,945
validation-reactive-updated-job-0_2025-09-10T160110_2025-09-11T000112_created_at_2025-09-11T000114.json,validation-random-forest-job-0_2025-09-18T150039_2025-09-18T230041_created_at_2025-09-18T230043.json,28650.0,690.0,19500.0,330.0,30.0,0.4782608695652174,952
validation-reactive-updated-job-0_2025-09-10T160110_2025-09-11T000112_created_at_2025-09-11T000114.json,validation-random-forest-job-0_2025-09-18T230054_2025-09-19T070056_created_at_2025-09-19T070058.json,28470.0,690.0,21120.0,450.0,0.0,0.6521739130434783,946
validation-reactive-updated-job-0_2025-09-10T160110_2025-09-11T000112_created_at_2025-09-11T000114.json,validation-random-forest-job-0_2025-09-19T070109_2025-09-19T150110_created_at_2025-09-19T150113.json,28320.0,690.0,20820.0,630.0,0.0,0.9130434782608695,941
validation-reactive-updated-job-0_2025-09-10T160110_2025-09-11T000112_created_at_2025-09-11T000114.json,validation-random-forest-job-0_2025-09-19T150124_2025-09-19T230127_created_at_2025-09-19T230129.json,28650.0,690.0,19770.0,330.0,0.0,0.4782608695652174,952
validation-reactive-updated-job-0_2025-09-10T160110_2025-09-11T000112_created_at_2025-09-11T000114.json,validation-random-forest-job-0_2025-09-19T230139_2025-09-20T070141_created_at_2025-09-20T070143.json,28230.0,690.0,18360.0,330.0,0.0,0.4782608695652174,938
validation-reactive-updated-job-0_2025-09-10T160110_2025-09-11T000112_created_at_2025-09-11T000114.json,validation-random-forest-job-0_2025-09-20T070154_2025-09-20T150156_created_at_2025-09-20T150159.json,28290.0,690.0,21000.0,690.0,0.0,1.0,940
validation-reactive-updated-job-0_2025-09-10T160110_2025-09-11T000112_created_at_2025-09-11T000114.json,validation-random-forest-job-0_2025-09-20T150209_2025-09-20T230211_created_at_2025-09-20T230213.json,28680.0,690.0,20310.0,360.0,60.0,0.5217391304347826,953
validation-reactive-updated-job-0_2025-09-10T160110_2025-09-11T000112_created_at_2025-09-11T000114.json,validation-random-forest-job-0_2025-09-20T230225_2025-09-21T070227_created_at_2025-09-21T070229.json,28170.0,690.0,13170.0,330.0,0.0,0.4782608695652174,936
validation-reactive-updated-job-0_2025-09-10T160110_2025-09-11T000112_created_at_2025-09-11T000114.json,validation-random-forest-job-0_2025-09-21T070241_2025-09-21T150243_created_at_2025-09-21T150245.json,28590.0,690.0,18270.0,330.0,0.0,0.4782608695652174,950
validation-reactive-updated-job-0_2025-09-10T160110_2025-09-11T000112_created_at_2025-09-11T000114.json,validation-random-forest-job-0_2025-09-21T150255_2025-09-21T230257_created_at_2025-09-21T230259.json,28470.0,690.0,19590.0,600.0,0.0,0.8695652173913043,946
validation-reactive-updated-job-0_2025-09-10T160110_2025-09-11T000112_created_at_2025-09-11T000114.json,validation-random-forest-job-0_2025-09-21T230311_2025-09-22T070314_created_at_2025-09-22T070316.json,27750.0,690.0,13020.0,330.0,0.0,0.4782608695652174,922
validation-reactive-updated-job-0_2025-09-10T160110_2025-09-11T000112_created_at_2025-09-11T000114.json,validation-random-forest-job-0_2025-09-22T070328_2025-09-22T150330_created_at_2025-09-22T150332.json,27960.0,690.0,13530.0,330.0,0.0,0.4782608695652174,929
validation-reactive-updated-job-0_2025-09-10T160110_2025-09-11T000112_created_at_2025-09-11T000114.json,validation-random-forest-job-0_2025-09-22T150343_2025-09-22T230345_created_at_2025-09-22T230347.json,28620.0,690.0,19440.0,330.0,0.0,0.4782608695652174,951
validation-reactive-updated-job-0_2025-09-10T160110_2025-09-11T000112_created_at_2025-09-11T000114.json,validation-random-forest-job-0_2025-09-22T230358_2025-09-23T070400_created_at_2025-09-23T070402.json,28080.0,690.0,13110.0,330.0,0.0,0.4782608695652174,933
validation-reactive-updated-job-0_2025-09-11T000125_2025-09-11T080127_created_at_2025-09-11T080128.json,validation-random-forest-job-0_2025-09-18T070023_2025-09-18T150025_created_at_2025-09-18T150028.json,28380.0,630.0,20970.0,450.0,90.0,0.7142857142857143,945
validation-reactive-updated-job-0_2025-09-11T000125_2025-09-11T080127_created_at_2025-09-11T080128.json,validation-random-forest-job-0_2025-09-18T150039_2025-09-18T230041_created_at_2025-09-18T230043.json,28590.0,630.0,19440.0,300.0,30.0,0.47619047619047616,952
validation-reactive-updated-job-0_2025-09-11T000125_2025-09-11T080127_created_at_2025-09-11T080128.json,validation-random-forest-job-0_2025-09-18T230054_2025-09-19T070056_created_at_2025-09-19T070058.json,28410.0,630.0,21060.0,360.0,0.0,0.5714285714285714,946
validation-reactive-updated-job-0_2025-09-11T000125_2025-09-11T080127_created_at_2025-09-11T080128.json,validation-random-forest-job-0_2025-09-19T070109_2025-09-19T150110_created_at_2025-09-19T150113.json,28260.0,630.0,20760.0,630.0,0.0,1.0,941
validation-reactive-updated-job-0_2025-09-11T000125_2025-09-11T080127_created_at_2025-09-11T080128.json,validation-random-forest-job-0_2025-09-19T150124_2025-09-19T230127_created_at_2025-09-19T230129.json,28590.0,630.0,19710.0,300.0,0.0,0.47619047619047616,952
validation-reactive-updated-job-0_2025-09-11T000125_2025-09-11T080127_created_at_2025-09-11T080128.json,validation-random-forest-job-0_2025-09-19T230139_2025-09-20T070141_created_at_2025-09-20T070143.json,28170.0,630.0,18300.0,330.0,0.0,0.5238095238095238,938
validation-reactive-updated-job-0_2025-09-11T000125_2025-09-11T080127_created_at_2025-09-11T080128.json,validation-random-forest-job-0_2025-09-20T070154_2025-09-20T150156_created_at_2025-09-20T150159.json,28230.0,630.0,20940.0,630.0,0.0,1.0,940
validation-reactive-updated-job-0_2025-09-11T000125_2025-09-11T080127_created_at_2025-09-11T080128.json,validation-random-forest-job-0_2025-09-20T150209_2025-09-20T230211_created_at_2025-09-20T230213.json,28620.0,630.0,20250.0,360.0,60.0,0.5714285714285714,953
validation-reactive-updated-job-0_2025-09-11T000125_2025-09-11T080127_created_at_2025-09-11T080128.json,validation-random-forest-job-0_2025-09-20T230225_2025-09-21T070227_created_at_2025-09-21T070229.json,28110.0,630.0,13110.0,300.0,0.0,0.47619047619047616,936
validation-reactive-updated-job-0_2025-09-11T000125_2025-09-11T080127_created_at_2025-09-11T080128.json,validation-random-forest-job-0_2025-09-21T070241_2025-09-21T150243_created_at_2025-09-21T150245.json,28530.0,630.0,18210.0,330.0,0.0,0.5238095238095238,950
validation-reactive-updated-job-0_2025-09-11T000125_2025-09-11T080127_created_at_2025-09-11T080128.json,validation-random-forest-job-0_2025-09-21T150255_2025-09-21T230257_created_at_2025-09-21T230259.json,28410.0,630.0,19530.0,570.0,0.0,0.9047619047619048,946
validation-reactive-updated-job-0_2025-09-11T000125_2025-09-11T080127_created_at_2025-09-11T080128.json,validation-random-forest-job-0_2025-09-21T230311_2025-09-22T070314_created_at_2025-09-22T070316.json,27690.0,630.0,12960.0,330.0,0.0,0.5238095238095238,922
validation-reactive-updated-job-0_2025-09-11T000125_2025-09-11T080127_created_at_2025-09-11T080128.json,validation-random-forest-job-0_2025-09-22T070328_2025-09-22T150330_created_at_2025-09-22T150332.json,27900.0,630.0,13470.0,330.0,0.0,0.5238095238095238,929
validation-reactive-updated-job-0_2025-09-11T000125_2025-09-11T080127_created_at_2025-09-11T080128.json,validation-random-forest-job-0_2025-09-22T150343_2025-09-22T230345_created_at_2025-09-22T230347.json,28560.0,630.0,19380.0,300.0,0.0,0.47619047619047616,951
validation-reactive-updated-job-0_2025-09-11T000125_2025-09-11T080127_created_at_2025-09-11T080128.json,validation-random-forest-job-0_2025-09-22T230358_2025-09-23T070400_created_at_2025-09-23T070402.json,28020.0,630.0,13050.0,330.0,0.0,0.5238095238095238,933
validation-reactive-updated-job-0_2025-09-11T080140_2025-09-11T160142_created_at_2025-09-11T160144.json,validation-random-forest-job-0_2025-09-18T070023_2025-09-18T150025_created_at_2025-09-18T150028.json,28560.0,810.0,21150.0,630.0,90.0,0.7777777777777778,945
validation-reactive-updated-job-0_2025-09-11T080140_2025-09-11T160142_created_at_2025-09-11T160144.json,validation-random-forest-job-0_2025-09-18T150039_2025-09-18T230041_created_at_2025-09-18T230043.json,28770.0,810.0,19440.0,360.0,0.0,0.4444444444444444,952
validation-reactive-updated-job-0_2025-09-11T080140_2025-09-11T160142_created_at_2025-09-11T160144.json,validation-random-forest-job-0_2025-09-18T230054_2025-09-19T070056_created_at_2025-09-19T070058.json,28590.0,810.0,21060.0,420.0,0.0,0.5185185185185185,946
validation-reactive-updated-job-0_2025-09-11T080140_2025-09-11T160142_created_at_2025-09-11T160144.json,validation-random-forest-job-0_2025-09-19T070109_2025-09-19T150110_created_at_2025-09-19T150113.json,28440.0,810.0,20940.0,810.0,0.0,1.0,941
validation-reactive-updated-job-0_2025-09-11T080140_2025-09-11T160142_created_at_2025-09-11T160144.json,validation-random-forest-job-0_2025-09-19T150124_2025-09-19T230127_created_at_2025-09-19T230129.json,28770.0,810.0,19710.0,360.0,0.0,0.4444444444444444,952
validation-reactive-updated-job-0_2025-09-11T080140_2025-09-11T160142_created_at_2025-09-11T160144.json,validation-random-forest-job-0_2025-09-19T230139_2025-09-20T070141_created_at_2025-09-20T070143.json,28350.0,810.0,18300.0,360.0,0.0,0.4444444444444444,938
validation-reactive-updated-job-0_2025-09-11T080140_2025-09-11T160142_created_at_2025-09-11T160144.json,validation-random-forest-job-0_2025-09-20T070154_2025-09-20T150156_created_at_2025-09-20T150159.json,28410.0,810.0,21120.0,810.0,0.0,1.0,940
validation-reactive-updated-job-0_2025-09-11T080140_2025-09-11T160142_created_at_2025-09-11T160144.json,validation-random-forest-job-0_2025-09-20T150209_2025-09-20T230211_created_at_2025-09-20T230213.json,28770.0,810.0,20400.0,360.0,240.0,0.4444444444444444,952
validation-reactive-updated-job-0_2025-09-11T080140_2025-09-11T160142_created_at_2025-09-11T160144.json,validation-random-forest-job-0_2025-09-20T230225_2025-09-21T070227_created_at_2025-09-21T070229.json,28290.0,810.0,13110.0,360.0,0.0,0.4444444444444444,936
validation-reactive-updated-job-0_2025-09-11T080140_2025-09-11T160142_created_at_2025-09-11T160144.json,validation-random-forest-job-0_2025-09-21T070241_2025-09-21T150243_created_at_2025-09-21T150245.json,28710.0,810.0,18210.0,360.0,0.0,0.4444444444444444,950
validation-reactive-updated-job-0_2025-09-11T080140_2025-09-11T160142_created_at_2025-09-11T160144.json,validation-random-forest-job-0_2025-09-21T150255_2025-09-21T230257_created_at_2025-09-21T230259.json,28590.0,810.0,19710.0,780.0,0.0,0.9629629629629629,946
validation-reactive-updated-job-0_2025-09-11T080140_2025-09-11T160142_created_at_2025-09-11T160144.json,validation-random-forest-job-0_2025-09-21T230311_2025-09-22T070314_created_at_2025-09-22T070316.json,27870.0,810.0,12959.999999999998,360.0,0.0,0.4444444444444444,922
validation-reactive-updated-job-0_2025-09-11T080140_2025-09-11T160142_created_at_2025-09-11T160144.json,validation-random-forest-job-0_2025-09-22T070328_2025-09-22T150330_created_at_2025-09-22T150332.json,28080.0,810.0,13470.0,360.0,0.0,0.4444444444444444,929
validation-reactive-updated-job-0_2025-09-11T080140_2025-09-11T160142_created_at_2025-09-11T160144.json,validation-random-forest-job-0_2025-09-22T150343_2025-09-22T230345_created_at_2025-09-22T230347.json,28740.0,810.0,19380.0,360.0,0.0,0.4444444444444444,951
validation-reactive-updated-job-0_2025-09-11T080140_2025-09-11T160142_created_at_2025-09-11T160144.json,validation-random-forest-job-0_2025-09-22T230358_2025-09-23T070400_created_at_2025-09-23T070402.json,28200.0,810.0,13050.0,360.0,0.0,0.4444444444444444,933
validation-reactive-updated-job-0_2025-09-11T160156_2025-09-12T000158_created_at_2025-09-12T000201.json,validation-random-forest-job-0_2025-09-18T070023_2025-09-18T150025_created_at_2025-09-18T150028.json,28590.0,600.0,21210.0,330.0,0.0,0.55,945
validation-reactive-updated-job-0_2025-09-11T160156_2025-09-12T000158_created_at_2025-09-12T000201.json,validation-random-forest-job-0_2025-09-18T150039_2025-09-18T230041_created_at_2025-09-18T230043.json,28740.0,600.0,19620.0,330.0,0.0,0.55,950
validation-reactive-updated-job-0_2025-09-11T160156_2025-09-12T000158_created_at_2025-09-12T000201.json,validation-random-forest-job-0_2025-09-18T230054_2025-09-19T070056_created_at_2025-09-19T070058.json,28620.0,600.0,21300.0,600.0,0.0,1.0,946
validation-reactive-updated-job-0_2025-09-11T160156_2025-09-12T000158_created_at_2025-09-12T000201.json,validation-random-forest-job-0_2025-09-19T070109_2025-09-19T150110_created_at_2025-09-19T150113.json,28470.0,600.0,21000.0,390.0,0.0,0.65,941
validation-reactive-updated-job-0_2025-09-11T160156_2025-09-12T000158_created_at_2025-09-12T000201.json,validation-random-forest-job-0_2025-09-19T150124_2025-09-19T230127_created_at_2025-09-19T230129.json,28740.0,600.0,19890.0,330.0,0.0,0.55,950
validation-reactive-updated-job-0_2025-09-11T160156_2025-09-12T000158_created_at_2025-09-12T000201.json,validation-random-forest-job-0_2025-09-19T230139_2025-09-20T070141_created_at_2025-09-20T070143.json,28380.0,600.0,18540.0,330.0,0.0,0.55,938
validation-reactive-updated-job-0_2025-09-11T160156_2025-09-12T000158_created_at_2025-09-12T000201.json,validation-random-forest-job-0_2025-09-20T070154_2025-09-20T150156_created_at_2025-09-20T150159.json,28440.0,600.0,21180.0,450.0,90.0,0.75,940
validation-reactive-updated-job-0_2025-09-11T160156_2025-09-12T000158_created_at_2025-09-12T000201.json,validation-random-forest-job-0_2025-09-20T150209_2025-09-20T230211_created_at_2025-09-20T230213.json,28740.0,600.0,20400.0,330.0,0.0,0.55,950
validation-reactive-updated-job-0_2025-09-11T160156_2025-09-12T000158_created_at_2025-09-12T000201.json,validation-random-forest-job-0_2025-09-20T230225_2025-09-21T070227_created_at_2025-09-21T070229.json,28320.0,600.0,13350.0,390.0,0.0,0.65,936
validation-reactive-updated-job-0_2025-09-11T160156_2025-09-12T000158_created_at_2025-09-12T000201.json,validation-random-forest-job-0_2025-09-21T070241_2025-09-21T150243_created_at_2025-09-21T150245.json,28740.0,600.0,18450.0,390.0,0.0,0.65,950
validation-reactive-updated-job-0_2025-09-11T160156_2025-09-12T000158_created_at_2025-09-12T000201.json,validation-random-forest-job-0_2025-09-21T150255_2025-09-21T230257_created_at_2025-09-21T230259.json,28620.0,600.0,19770.0,360.0,0.0,0.6,946
validation-reactive-updated-job-0_2025-09-11T160156_2025-09-12T000158_created_at_2025-09-12T000201.json,validation-random-forest-job-0_2025-09-21T230311_2025-09-22T070314_created_at_2025-09-22T070316.json,27900.0,600.0,13200.0,330.0,0.0,0.55,922
validation-reactive-updated-job-0_2025-09-11T160156_2025-09-12T000158_created_at_2025-09-12T000201.json,validation-random-forest-job-0_2025-09-22T070328_2025-09-22T150330_created_at_2025-09-22T150332.json,28110.0,600.0,13710.0,330.0,0.0,0.55,929
validation-reactive-updated-job-0_2025-09-11T160156_2025-09-12T000158_created_at_2025-09-12T000201.json,validation-random-forest-job-0_2025-09-22T150343_2025-09-22T230345_created_at_2025-09-22T230347.json,28740.0,600.0,19590.0,330.0,0.0,0.55,950
validation-reactive-updated-job-0_2025-09-11T160156_2025-09-12T000158_created_at_2025-09-12T000201.json,validation-random-forest-job-0_2025-09-22T230358_2025-09-23T070400_created_at_2025-09-23T070402.json,28230.0,600.0,13290.0,330.0,0.0,0.55,933
validation-reactive-updated-job-0_2025-09-12T000213_2025-09-12T080215_created_at_2025-09-12T080216.json,validation-random-forest-job-0_2025-09-18T070023_2025-09-18T150025_created_at_2025-09-18T150028.json,28770.0,1350.0,21120.0,930.0,0.0,0.6888888888888889,940
validation-reactive-updated-job-0_2025-09-12T000213_2025-09-12T080215_created_at_2025-09-12T080216.json,validation-random-forest-job-0_2025-09-18T150039_2025-09-18T230041_created_at_2025-09-18T230043.json,28770.0,1350.0,19380.0,930.0,0.0,0.6888888888888889,940
validation-reactive-updated-job-0_2025-09-12T000213_2025-09-12T080215_created_at_2025-09-12T080216.json,validation-random-forest-job-0_2025-09-18T230054_2025-09-19T070056_created_at_2025-09-19T070058.json,28770.0,1350.0,21330.0,1320.0,0.0,0.9777777777777777,940
validation-reactive-updated-job-0_2025-09-12T000213_2025-09-12T080215_created_at_2025-09-12T080216.json,validation-random-forest-job-0_2025-09-19T070109_2025-09-19T150110_created_at_2025-09-19T150113.json,28770.0,1350.0,21030.0,930.0,0.0,0.6888888888888889,940
validation-reactive-updated-job-0_2025-09-12T000213_2025-09-12T080215_created_at_2025-09-12T080216.json,validation-random-forest-job-0_2025-09-19T150124_2025-09-19T230127_created_at_2025-09-19T230129.json,28770.0,1350.0,19650.0,930.0,0.0,0.6888888888888889,940
validation-reactive-updated-job-0_2025-09-12T000213_2025-09-12T080215_created_at_2025-09-12T080216.json,validation-random-forest-job-0_2025-09-19T230139_2025-09-20T070141_created_at_2025-09-20T070143.json,28710.0,1350.0,18600.0,1050.0,0.0,0.7777777777777778,938
validation-reactive-updated-job-0_2025-09-12T000213_2025-09-12T080215_created_at_2025-09-12T080216.json,validation-random-forest-job-0_2025-09-20T070154_2025-09-20T150156_created_at_2025-09-20T150159.json,28770.0,1350.0,21240.0,930.0,0.0,0.6888888888888889,940
validation-reactive-updated-job-0_2025-09-12T000213_2025-09-12T080215_created_at_2025-09-12T080216.json,validation-random-forest-job-0_2025-09-20T150209_2025-09-20T230211_created_at_2025-09-20T230213.json,28770.0,1350.0,20280.0,930.0,0.0,0.6888888888888889,940
validation-reactive-updated-job-0_2025-09-12T000213_2025-09-12T080215_created_at_2025-09-12T080216.json,validation-random-forest-job-0_2025-09-20T230225_2025-09-21T070227_created_at_2025-09-21T070229.json,28650.0,1350.0,13680.0,1320.0,0.0,0.9777777777777777,936
validation-reactive-updated-job-0_2025-09-12T000213_2025-09-12T080215_created_at_2025-09-12T080216.json,validation-random-forest-job-0_2025-09-21T070241_2025-09-21T150243_created_at_2025-09-21T150245.json,28770.0,1350.0,18360.0,1260.0,0.0,0.9333333333333333,940
validation-reactive-updated-job-0_2025-09-12T000213_2025-09-12T080215_created_at_2025-09-12T080216.json,validation-random-forest-job-0_2025-09-21T150255_2025-09-21T230257_created_at_2025-09-21T230259.json,28770.0,1350.0,19770.0,930.0,0.0,0.6888888888888889,940
validation-reactive-updated-job-0_2025-09-12T000213_2025-09-12T080215_created_at_2025-09-12T080216.json,validation-random-forest-job-0_2025-09-21T230311_2025-09-22T070314_created_at_2025-09-22T070316.json,28230.0,1350.0,13260.0,930.0,0.0,0.6888888888888889,922
validation-reactive-updated-job-0_2025-09-12T000213_2025-09-12T080215_created_at_2025-09-12T080216.json,validation-random-forest-job-0_2025-09-22T070328_2025-09-22T150330_created_at_2025-09-22T150332.json,28440.0,1350.0,13770.0,930.0,0.0,0.6888888888888889,929
validation-reactive-updated-job-0_2025-09-12T000213_2025-09-12T080215_created_at_2025-09-12T080216.json,validation-random-forest-job-0_2025-09-22T150343_2025-09-22T230345_created_at_2025-09-22T230347.json,28770.0,1350.0,19470.0,930.0,0.0,0.6888888888888889,940
validation-reactive-updated-job-0_2025-09-12T000213_2025-09-12T080215_created_at_2025-09-12T080216.json,validation-random-forest-job-0_2025-09-22T230358_2025-09-23T070400_created_at_2025-09-23T070402.json,28560.0,1350.0,13350.0,930.0,0.0,0.6888888888888889,933
validation-reactive-updated-job-0_2025-09-12T080228_2025-09-12T160230_created_at_2025-09-12T160232.json,validation-random-forest-job-0_2025-09-18T070023_2025-09-18T150025_created_at_2025-09-18T150028.json,28770.0,990.0,21330.0,690.0,0.0,0.696969696969697,833
validation-reactive-updated-job-0_2025-09-12T080228_2025-09-12T160230_created_at_2025-09-12T160232.json,validation-random-forest-job-0_2025-09-18T150039_2025-09-18T230041_created_at_2025-09-18T230043.json,28770.0,990.0,19590.0,690.0,0.0,0.696969696969697,833
validation-reactive-updated-job-0_2025-09-12T080228_2025-09-12T160230_created_at_2025-09-12T160232.json,validation-random-forest-job-0_2025-09-18T230054_2025-09-19T070056_created_at_2025-09-19T070058.json,28770.0,990.0,21390.0,690.0,0.0,0.696969696969697,833
validation-reactive-updated-job-0_2025-09-12T080228_2025-09-12T160230_created_at_2025-09-12T160232.json,validation-random-forest-job-0_2025-09-19T070109_2025-09-19T150110_created_at_2025-09-19T150113.json,28770.0,990.0,21240.0,690.0,0.0,0.696969696969697,833
validation-reactive-updated-job-0_2025-09-12T080228_2025-09-12T160230_created_at_2025-09-12T160232.json,validation-random-forest-job-0_2025-09-19T150124_2025-09-19T230127_created_at_2025-09-19T230129.json,28770.0,990.0,19860.0,690.0,0.0,0.696969696969697,833
validation-reactive-updated-job-0_2025-09-12T080228_2025-09-12T160230_created_at_2025-09-12T160232.json,validation-random-forest-job-0_2025-09-19T230139_2025-09-20T070141_created_at_2025-09-20T070143.json,28770.0,990.0,18870.0,690.0,0.0,0.696969696969697,833
validation-reactive-updated-job-0_2025-09-12T080228_2025-09-12T160230_created_at_2025-09-12T160232.json,validation-random-forest-job-0_2025-09-20T070154_2025-09-20T150156_created_at_2025-09-20T150159.json,28770.0,990.0,21450.0,690.0,0.0,0.696969696969697,833
validation-reactive-updated-job-0_2025-09-12T080228_2025-09-12T160230_created_at_2025-09-12T160232.json,validation-random-forest-job-0_2025-09-20T150209_2025-09-20T230211_created_at_2025-09-20T230213.json,28770.0,990.0,20370.0,690.0,0.0,0.696969696969697,833
validation-reactive-updated-job-0_2025-09-12T080228_2025-09-12T160230_created_at_2025-09-12T160232.json,validation-random-forest-job-0_2025-09-20T230225_2025-09-21T070227_created_at_2025-09-21T070229.json,28770.0,990.0,15540.0,690.0,0.0,0.696969696969697,833
validation-reactive-updated-job-0_2025-09-12T080228_2025-09-12T160230_created_at_2025-09-12T160232.json,validation-random-forest-job-0_2025-09-21T070241_2025-09-21T150243_created_at_2025-09-21T150245.json,28770.0,990.0,18420.0,690.0,0.0,0.696969696969697,833
validation-reactive-updated-job-0_2025-09-12T080228_2025-09-12T160230_created_at_2025-09-12T160232.json,validation-random-forest-job-0_2025-09-21T150255_2025-09-21T230257_created_at_2025-09-21T230259.json,28770.0,990.0,19860.0,690.0,0.0,0.696969696969697,833
validation-reactive-updated-job-0_2025-09-12T080228_2025-09-12T160230_created_at_2025-09-12T160232.json,validation-random-forest-job-0_2025-09-21T230311_2025-09-22T070314_created_at_2025-09-22T070316.json,28770.0,990.0,15360.0,690.0,0.0,0.696969696969697,833
validation-reactive-updated-job-0_2025-09-12T080228_2025-09-12T160230_created_at_2025-09-12T160232.json,validation-random-forest-job-0_2025-09-22T070328_2025-09-22T150330_created_at_2025-09-22T150332.json,28770.0,990.0,15720.0,690.0,0.0,0.696969696969697,833
validation-reactive-updated-job-0_2025-09-12T080228_2025-09-12T160230_created_at_2025-09-12T160232.json,validation-random-forest-job-0_2025-09-22T150343_2025-09-22T230345_created_at_2025-09-22T230347.json,28770.0,990.0,19560.0,690.0,0.0,0.696969696969697,833
validation-reactive-updated-job-0_2025-09-12T080228_2025-09-12T160230_created_at_2025-09-12T160232.json,validation-random-forest-job-0_2025-09-22T230358_2025-09-23T070400_created_at_2025-09-23T070402.json,28770.0,990.0,15240.0,690.0,0.0,0.696969696969697,833
validation-reactive-updated-job-0_2025-09-12T160243_2025-09-13T000245_created_at_2025-09-13T000247.json,validation-random-forest-job-0_2025-09-18T070023_2025-09-18T150025_created_at_2025-09-18T150028.json,28740.0,1740.0,21330.0,1440.0,0.0,0.8275862068965517,915
validation-reactive-updated-job-0_2025-09-12T160243_2025-09-13T000245_created_at_2025-09-13T000247.json,validation-random-forest-job-0_2025-09-18T150039_2025-09-18T230041_created_at_2025-09-18T230043.json,28740.0,1740.0,19500.0,960.0,0.0,0.5517241379310345,915
validation-reactive-updated-job-0_2025-09-12T160243_2025-09-13T000245_created_at_2025-09-13T000247.json,validation-random-forest-job-0_2025-09-18T230054_2025-09-19T070056_created_at_2025-09-19T070058.json,28740.0,1740.0,21300.0,1080.0,0.0,0.6206896551724138,915
validation-reactive-updated-job-0_2025-09-12T160243_2025-09-13T000245_created_at_2025-09-13T000247.json,validation-random-forest-job-0_2025-09-19T070109_2025-09-19T150110_created_at_2025-09-19T150113.json,28740.0,1740.0,21240.0,1410.0,0.0,0.8103448275862069,915
validation-reactive-updated-job-0_2025-09-12T160243_2025-09-13T000245_created_at_2025-09-13T000247.json,validation-random-forest-job-0_2025-09-19T150124_2025-09-19T230127_created_at_2025-09-19T230129.json,28740.0,1740.0,19770.0,960.0,0.0,0.5517241379310345,915
validation-reactive-updated-job-0_2025-09-12T160243_2025-09-13T000245_created_at_2025-09-13T000247.json,validation-random-forest-job-0_2025-09-19T230139_2025-09-20T070141_created_at_2025-09-20T070143.json,28740.0,1740.0,18870.0,1470.0,0.0,0.8448275862068966,915
validation-reactive-updated-job-0_2025-09-12T160243_2025-09-13T000245_created_at_2025-09-13T000247.json,validation-random-forest-job-0_2025-09-20T070154_2025-09-20T150156_created_at_2025-09-20T150159.json,28740.0,1740.0,21450.0,1470.0,0.0,0.8448275862068966,915
validation-reactive-updated-job-0_2025-09-12T160243_2025-09-13T000245_created_at_2025-09-13T000247.json,validation-random-forest-job-0_2025-09-20T150209_2025-09-20T230211_created_at_2025-09-20T230213.json,28740.0,1740.0,20280.0,1110.0,0.0,0.6379310344827587,915
validation-reactive-updated-job-0_2025-09-12T160243_2025-09-13T000245_created_at_2025-09-13T000247.json,validation-random-forest-job-0_2025-09-20T230225_2025-09-21T070227_created_at_2025-09-21T070229.json,28740.0,1740.0,13740.0,1260.0,0.0,0.7241379310344828,915
validation-reactive-updated-job-0_2025-09-12T160243_2025-09-13T000245_created_at_2025-09-13T000247.json,validation-random-forest-job-0_2025-09-21T070241_2025-09-21T150243_created_at_2025-09-21T150245.json,28740.0,1740.0,18420.0,1410.0,0.0,0.8103448275862069,915
validation-reactive-updated-job-0_2025-09-12T160243_2025-09-13T000245_created_at_2025-09-13T000247.json,validation-random-forest-job-0_2025-09-21T150255_2025-09-21T230257_created_at_2025-09-21T230259.json,28740.0,1740.0,19770.0,840.0,0.0,0.4827586206896552,915
validation-reactive-updated-job-0_2025-09-12T160243_2025-09-13T000245_created_at_2025-09-13T000247.json,validation-random-forest-job-0_2025-09-21T230311_2025-09-22T070314_created_at_2025-09-22T070316.json,28740.0,1740.0,14010.0,1380.0,0.0,0.7931034482758621,915
validation-reactive-updated-job-0_2025-09-12T160243_2025-09-13T000245_created_at_2025-09-13T000247.json,validation-random-forest-job-0_2025-09-22T070328_2025-09-22T150330_created_at_2025-09-22T150332.json,28740.0,1740.0,14310.0,1290.0,0.0,0.7413793103448276,915
validation-reactive-updated-job-0_2025-09-12T160243_2025-09-13T000245_created_at_2025-09-13T000247.json,validation-random-forest-job-0_2025-09-22T150343_2025-09-22T230345_created_at_2025-09-22T230347.json,28740.0,1740.0,19470.0,840.0,0.0,0.4827586206896552,915
validation-reactive-updated-job-0_2025-09-12T160243_2025-09-13T000245_created_at_2025-09-13T000247.json,validation-random-forest-job-0_2025-09-22T230358_2025-09-23T070400_created_at_2025-09-23T070402.json,28740.0,1740.0,13770.0,1410.0,0.0,0.8103448275862069,915
validation-reactive-updated-job-0_2025-09-13T000258_2025-09-13T080301_created_at_2025-09-13T080304.json,validation-random-forest-job-0_2025-09-18T070023_2025-09-18T150025_created_at_2025-09-18T150028.json,28710.0,510.0,21210.0,240.0,0.0,0.47058823529411764,945
validation-reactive-updated-job-0_2025-09-13T000258_2025-09-13T080301_created_at_2025-09-13T080304.json,validation-random-forest-job-0_2025-09-18T150039_2025-09-18T230041_created_at_2025-09-18T230043.json,28770.0,510.0,19530.0,240.0,0.0,0.47058823529411764,947
validation-reactive-updated-job-0_2025-09-13T000258_2025-09-13T080301_created_at_2025-09-13T080304.json,validation-random-forest-job-0_2025-09-18T230054_2025-09-19T070056_created_at_2025-09-19T070058.json,28740.0,510.0,21390.0,510.0,0.0,1.0,946
validation-reactive-updated-job-0_2025-09-13T000258_2025-09-13T080301_created_at_2025-09-13T080304.json,validation-random-forest-job-0_2025-09-19T070109_2025-09-19T150110_created_at_2025-09-19T150113.json,28590.0,510.0,21000.0,240.0,0.0,0.47058823529411764,941
validation-reactive-updated-job-0_2025-09-13T000258_2025-09-13T080301_created_at_2025-09-13T080304.json,validation-random-forest-job-0_2025-09-19T150124_2025-09-19T230127_created_at_2025-09-19T230129.json,28770.0,510.0,19800.0,240.0,0.0,0.47058823529411764,947
validation-reactive-updated-job-0_2025-09-13T000258_2025-09-13T080301_created_at_2025-09-13T080304.json,validation-random-forest-job-0_2025-09-19T230139_2025-09-20T070141_created_at_2025-09-20T070143.json,28500.0,510.0,18540.0,240.0,0.0,0.47058823529411764,938
validation-reactive-updated-job-0_2025-09-13T000258_2025-09-13T080301_created_at_2025-09-13T080304.json,validation-random-forest-job-0_2025-09-20T070154_2025-09-20T150156_created_at_2025-09-20T150159.json,28560.0,510.0,21270.0,390.0,90.0,0.7647058823529411,940
validation-reactive-updated-job-0_2025-09-13T000258_2025-09-13T080301_created_at_2025-09-13T080304.json,validation-random-forest-job-0_2025-09-20T150209_2025-09-20T230211_created_at_2025-09-20T230213.json,28770.0,510.0,20310.0,240.0,0.0,0.47058823529411764,947
validation-reactive-updated-job-0_2025-09-13T000258_2025-09-13T080301_created_at_2025-09-13T080304.json,validation-random-forest-job-0_2025-09-20T230225_2025-09-21T070227_created_at_2025-09-21T070229.json,28440.0,510.0,13140.0,270.0,0.0,0.5294117647058824,936
validation-reactive-updated-job-0_2025-09-13T000258_2025-09-13T080301_created_at_2025-09-13T080304.json,validation-random-forest-job-0_2025-09-21T070241_2025-09-21T150243_created_at_2025-09-21T150245.json,28770.0,510.0,18360.0,300.0,0.0,0.5882352941176471,947
validation-reactive-updated-job-0_2025-09-13T000258_2025-09-13T080301_created_at_2025-09-13T080304.json,validation-random-forest-job-0_2025-09-21T150255_2025-09-21T230257_created_at_2025-09-21T230259.json,28740.0,510.0,19770.0,240.0,0.0,0.47058823529411764,946
validation-reactive-updated-job-0_2025-09-13T000258_2025-09-13T080301_created_at_2025-09-13T080304.json,validation-random-forest-job-0_2025-09-21T230311_2025-09-22T070314_created_at_2025-09-22T070316.json,28020.0,510.0,12990.0,240.0,0.0,0.47058823529411764,922
validation-reactive-updated-job-0_2025-09-13T000258_2025-09-13T080301_created_at_2025-09-13T080304.json,validation-random-forest-job-0_2025-09-22T070328_2025-09-22T150330_created_at_2025-09-22T150332.json,28230.0,510.0,13500.0,240.0,0.0,0.47058823529411764,929
validation-reactive-updated-job-0_2025-09-13T000258_2025-09-13T080301_created_at_2025-09-13T080304.json,validation-random-forest-job-0_2025-09-22T150343_2025-09-22T230345_created_at_2025-09-22T230347.json,28770.0,510.0,19500.0,240.0,0.0,0.47058823529411764,947
validation-reactive-updated-job-0_2025-09-13T000258_2025-09-13T080301_created_at_2025-09-13T080304.json,validation-random-forest-job-0_2025-09-22T230358_2025-09-23T070400_created_at_2025-09-23T070402.json,28350.0,510.0,13080.0,240.0,0.0,0.47058823529411764,933
validation-reactive-updated-job-0_2025-09-13T080316_2025-09-13T160318_created_at_2025-09-13T160320.json,validation-random-forest-job-0_2025-09-18T070023_2025-09-18T150025_created_at_2025-09-18T150028.json,28770.0,1350.0,21210.0,810.0,0.0,0.6,933
validation-reactive-updated-job-0_2025-09-13T080316_2025-09-13T160318_created_at_2025-09-13T160320.json,validation-random-forest-job-0_2025-09-18T150039_2025-09-18T230041_created_at_2025-09-18T230043.json,28770.0,1350.0,19470.0,810.0,0.0,0.6,933
validation-reactive-updated-job-0_2025-09-13T080316_2025-09-13T160318_created_at_2025-09-13T160320.json,validation-random-forest-job-0_2025-09-18T230054_2025-09-19T070056_created_at_2025-09-19T070058.json,28770.0,1350.0,21450.0,1320.0,0.0,0.9777777777777777,933
validation-reactive-updated-job-0_2025-09-13T080316_2025-09-13T160318_created_at_2025-09-13T160320.json,validation-random-forest-job-0_2025-09-19T070109_2025-09-19T150110_created_at_2025-09-19T150113.json,28770.0,1350.0,21120.0,990.0,0.0,0.7333333333333333,933
validation-reactive-updated-job-0_2025-09-13T080316_2025-09-13T160318_created_at_2025-09-13T160320.json,validation-random-forest-job-0_2025-09-19T150124_2025-09-19T230127_created_at_2025-09-19T230129.json,28770.0,1350.0,19740.0,810.0,0.0,0.6,933
validation-reactive-updated-job-0_2025-09-13T080316_2025-09-13T160318_created_at_2025-09-13T160320.json,validation-random-forest-job-0_2025-09-19T230139_2025-09-20T070141_created_at_2025-09-20T070143.json,28770.0,1350.0,18930.0,1020.0,0.0,0.7555555555555555,933
validation-reactive-updated-job-0_2025-09-13T080316_2025-09-13T160318_created_at_2025-09-13T160320.json,validation-random-forest-job-0_2025-09-20T070154_2025-09-20T150156_created_at_2025-09-20T150159.json,28770.0,1350.0,21330.0,960.0,30.0,0.7111111111111111,933
validation-reactive-updated-job-0_2025-09-13T080316_2025-09-13T160318_created_at_2025-09-13T160320.json,validation-random-forest-job-0_2025-09-20T150209_2025-09-20T230211_created_at_2025-09-20T230213.json,28770.0,1350.0,20250.0,810.0,0.0,0.6,933
validation-reactive-updated-job-0_2025-09-13T080316_2025-09-13T160318_created_at_2025-09-13T160320.json,validation-random-forest-job-0_2025-09-20T230225_2025-09-21T070227_created_at_2025-09-21T070229.json,28770.0,1350.0,13800.0,1020.0,0.0,0.7555555555555555,933
validation-reactive-updated-job-0_2025-09-13T080316_2025-09-13T160318_created_at_2025-09-13T160320.json,validation-random-forest-job-0_2025-09-21T070241_2025-09-21T150243_created_at_2025-09-21T150245.json,28770.0,1350.0,18480.0,1020.0,0.0,0.7555555555555555,933
validation-reactive-updated-job-0_2025-09-13T080316_2025-09-13T160318_created_at_2025-09-13T160320.json,validation-random-forest-job-0_2025-09-21T150255_2025-09-21T230257_created_at_2025-09-21T230259.json,28770.0,1350.0,19740.0,870.0,0.0,0.6444444444444445,933
validation-reactive-updated-job-0_2025-09-13T080316_2025-09-13T160318_created_at_2025-09-13T160320.json,validation-random-forest-job-0_2025-09-21T230311_2025-09-22T070314_created_at_2025-09-22T070316.json,28440.0,1350.0,13560.0,660.0,0.0,0.4888888888888889,922
validation-reactive-updated-job-0_2025-09-13T080316_2025-09-13T160318_created_at_2025-09-13T160320.json,validation-random-forest-job-0_2025-09-22T070328_2025-09-22T150330_created_at_2025-09-22T150332.json,28650.0,1350.0,14070.0,660.0,0.0,0.4888888888888889,929
validation-reactive-updated-job-0_2025-09-13T080316_2025-09-13T160318_created_at_2025-09-13T160320.json,validation-random-forest-job-0_2025-09-22T150343_2025-09-22T230345_created_at_2025-09-22T230347.json,28770.0,1350.0,19440.0,810.0,0.0,0.6,933
validation-reactive-updated-job-0_2025-09-13T080316_2025-09-13T160318_created_at_2025-09-13T160320.json,validation-random-forest-job-0_2025-09-22T230358_2025-09-23T070400_created_at_2025-09-23T070402.json,28770.0,1350.0,13650.0,660.0,0.0,0.4888888888888889,933
validation-reactive-updated-job-0_2025-09-13T160331_2025-09-14T000333_created_at_2025-09-14T000335.json,validation-random-forest-job-0_2025-09-18T070023_2025-09-18T150025_created_at_2025-09-18T150028.json,28740.0,720.0,21150.0,360.0,0.0,0.5,945
validation-reactive-updated-job-0_2025-09-13T160331_2025-09-14T000333_created_at_2025-09-14T000335.json,validation-random-forest-job-0_2025-09-18T150039_2025-09-18T230041_created_at_2025-09-18T230043.json,28770.0,720.0,19440.0,360.0,0.0,0.5,946
validation-reactive-updated-job-0_2025-09-13T160331_2025-09-14T000333_created_at_2025-09-14T000335.json,validation-random-forest-job-0_2025-09-18T230054_2025-09-19T070056_created_at_2025-09-19T070058.json,28770.0,720.0,21420.0,720.0,0.0,1.0,946
validation-reactive-updated-job-0_2025-09-13T160331_2025-09-14T000333_created_at_2025-09-14T000335.json,validation-random-forest-job-0_2025-09-19T070109_2025-09-19T150110_created_at_2025-09-19T150113.json,28620.0,720.0,20940.0,360.0,0.0,0.5,941
validation-reactive-updated-job-0_2025-09-13T160331_2025-09-14T000333_created_at_2025-09-14T000335.json,validation-random-forest-job-0_2025-09-19T150124_2025-09-19T230127_created_at_2025-09-19T230129.json,28770.0,720.0,19710.0,360.0,0.0,0.5,946
validation-reactive-updated-job-0_2025-09-13T160331_2025-09-14T000333_created_at_2025-09-14T000335.json,validation-random-forest-job-0_2025-09-19T230139_2025-09-20T070141_created_at_2025-09-20T070143.json,28530.0,720.0,18480.0,360.0,0.0,0.5,938
validation-reactive-updated-job-0_2025-09-13T160331_2025-09-14T000333_created_at_2025-09-14T000335.json,validation-random-forest-job-0_2025-09-20T070154_2025-09-20T150156_created_at_2025-09-20T150159.json,28590.0,720.0,21300.0,600.0,90.0,0.8333333333333334,940
validation-reactive-updated-job-0_2025-09-13T160331_2025-09-14T000333_created_at_2025-09-14T000335.json,validation-random-forest-job-0_2025-09-20T150209_2025-09-20T230211_created_at_2025-09-20T230213.json,28770.0,720.0,20220.0,360.0,0.0,0.5,946
validation-reactive-updated-job-0_2025-09-13T160331_2025-09-14T000333_created_at_2025-09-14T000335.json,validation-random-forest-job-0_2025-09-20T230225_2025-09-21T070227_created_at_2025-09-21T070229.json,28470.0,720.0,13290.0,390.0,0.0,0.5416666666666666,936
validation-reactive-updated-job-0_2025-09-13T160331_2025-09-14T000333_created_at_2025-09-14T000335.json,validation-random-forest-job-0_2025-09-21T070241_2025-09-21T150243_created_at_2025-09-21T150245.json,28770.0,720.0,18270.0,420.0,0.0,0.5833333333333334,946
validation-reactive-updated-job-0_2025-09-13T160331_2025-09-14T000333_created_at_2025-09-14T000335.json,validation-random-forest-job-0_2025-09-21T150255_2025-09-21T230257_created_at_2025-09-21T230259.json,28770.0,720.0,19710.0,360.0,0.0,0.5,946
validation-reactive-updated-job-0_2025-09-13T160331_2025-09-14T000333_created_at_2025-09-14T000335.json,validation-random-forest-job-0_2025-09-21T230311_2025-09-22T070314_created_at_2025-09-22T070316.json,28050.0,720.0,13140.0,360.0,0.0,0.5,922
validation-reactive-updated-job-0_2025-09-13T160331_2025-09-14T000333_created_at_2025-09-14T000335.json,validation-random-forest-job-0_2025-09-22T070328_2025-09-22T150330_created_at_2025-09-22T150332.json,28260.0,720.0,13650.0,360.0,0.0,0.5,929
validation-reactive-updated-job-0_2025-09-13T160331_2025-09-14T000333_created_at_2025-09-14T000335.json,validation-random-forest-job-0_2025-09-22T150343_2025-09-22T230345_created_at_2025-09-22T230347.json,28770.0,720.0,19410.0,360.0,0.0,0.5,946
validation-reactive-updated-job-0_2025-09-13T160331_2025-09-14T000333_created_at_2025-09-14T000335.json,validation-random-forest-job-0_2025-09-22T230358_2025-09-23T070400_created_at_2025-09-23T070402.json,28380.0,720.0,13230.0,360.0,0.0,0.5,933
validation-reactive-updated-job-0_2025-09-14T000347_2025-09-14T080349_created_at_2025-09-14T080351.json,validation-random-forest-job-0_2025-09-18T070023_2025-09-18T150025_created_at_2025-09-18T150028.json,28740.0,840.0,20910.0,450.0,0.0,0.5357142857142857,936
validation-reactive-updated-job-0_2025-09-14T000347_2025-09-14T080349_created_at_2025-09-14T080351.json,validation-random-forest-job-0_2025-09-18T150039_2025-09-18T230041_created_at_2025-09-18T230043.json,28740.0,840.0,19170.0,450.0,0.0,0.5357142857142857,936
validation-reactive-updated-job-0_2025-09-14T000347_2025-09-14T080349_created_at_2025-09-14T080351.json,validation-random-forest-job-0_2025-09-18T230054_2025-09-19T070056_created_at_2025-09-19T070058.json,28740.0,840.0,21180.0,840.0,0.0,1.0,936
validation-reactive-updated-job-0_2025-09-14T000347_2025-09-14T080349_created_at_2025-09-14T080351.json,validation-random-forest-job-0_2025-09-19T070109_2025-09-19T150110_created_at_2025-09-19T150113.json,28740.0,840.0,20820.0,480.0,0.0,0.5714285714285714,936
validation-reactive-updated-job-0_2025-09-14T000347_2025-09-14T080349_created_at_2025-09-14T080351.json,validation-random-forest-job-0_2025-09-19T150124_2025-09-19T230127_created_at_2025-09-19T230129.json,28740.0,840.0,19440.0,450.0,0.0,0.5357142857142857,936
validation-reactive-updated-job-0_2025-09-14T000347_2025-09-14T080349_created_at_2025-09-14T080351.json,validation-random-forest-job-0_2025-09-19T230139_2025-09-20T070141_created_at_2025-09-20T070143.json,28740.0,840.0,18660.0,840.0,0.0,1.0,936
validation-reactive-updated-job-0_2025-09-14T000347_2025-09-14T080349_created_at_2025-09-14T080351.json,validation-random-forest-job-0_2025-09-20T070154_2025-09-20T150156_created_at_2025-09-20T150159.json,28740.0,840.0,21030.0,450.0,0.0,0.5357142857142857,936
validation-reactive-updated-job-0_2025-09-14T000347_2025-09-14T080349_created_at_2025-09-14T080351.json,validation-random-forest-job-0_2025-09-20T150209_2025-09-20T230211_created_at_2025-09-20T230213.json,28740.0,840.0,20160.0,450.0,0.0,0.5357142857142857,936
validation-reactive-updated-job-0_2025-09-14T000347_2025-09-14T080349_created_at_2025-09-14T080351.json,validation-random-forest-job-0_2025-09-20T230225_2025-09-21T070227_created_at_2025-09-21T070229.json,28740.0,840.0,13740.0,840.0,0.0,1.0,936
validation-reactive-updated-job-0_2025-09-14T000347_2025-09-14T080349_created_at_2025-09-14T080351.json,validation-random-forest-job-0_2025-09-21T070241_2025-09-21T150243_created_at_2025-09-21T150245.json,28740.0,840.0,18210.0,600.0,0.0,0.7142857142857143,936
validation-reactive-updated-job-0_2025-09-14T000347_2025-09-14T080349_created_at_2025-09-14T080351.json,validation-random-forest-job-0_2025-09-21T150255_2025-09-21T230257_created_at_2025-09-21T230259.json,28740.0,840.0,19650.0,450.0,0.0,0.5357142857142857,936
validation-reactive-updated-job-0_2025-09-14T000347_2025-09-14T080349_created_at_2025-09-14T080351.json,validation-random-forest-job-0_2025-09-21T230311_2025-09-22T070314_created_at_2025-09-22T070316.json,28320.0,840.0,13380.0,450.0,0.0,0.5357142857142857,922
validation-reactive-updated-job-0_2025-09-14T000347_2025-09-14T080349_created_at_2025-09-14T080351.json,validation-random-forest-job-0_2025-09-22T070328_2025-09-22T150330_created_at_2025-09-22T150332.json,28530.0,840.0,13890.0,450.0,0.0,0.5357142857142857,929
validation-reactive-updated-job-0_2025-09-14T000347_2025-09-14T080349_created_at_2025-09-14T080351.json,validation-random-forest-job-0_2025-09-22T150343_2025-09-22T230345_created_at_2025-09-22T230347.json,28740.0,840.0,19350.0,450.0,0.0,0.5357142857142857,936
validation-reactive-updated-job-0_2025-09-14T000347_2025-09-14T080349_created_at_2025-09-14T080351.json,validation-random-forest-job-0_2025-09-22T230358_2025-09-23T070400_created_at_2025-09-23T070402.json,28650.0,840.0,13470.0,450.0,0.0,0.5357142857142857,933
validation-reactive-updated-job-0_2025-09-14T080403_2025-09-14T160405_created_at_2025-09-14T160407.json,validation-random-forest-job-0_2025-09-18T070023_2025-09-18T150025_created_at_2025-09-18T150028.json,28770.0,900.0,21360.0,510.0,300.0,0.5666666666666667,943
validation-reactive-updated-job-0_2025-09-14T080403_2025-09-14T160405_created_at_2025-09-14T160407.json,validation-random-forest-job-0_2025-09-18T150039_2025-09-18T230041_created_at_2025-09-18T230043.json,28770.0,900.0,19380.0,510.0,0.0,0.5666666666666667,943
validation-reactive-updated-job-0_2025-09-14T080403_2025-09-14T160405_created_at_2025-09-14T160407.json,validation-random-forest-job-0_2025-09-18T230054_2025-09-19T070056_created_at_2025-09-19T070058.json,28770.0,900.0,21180.0,570.0,0.0,0.6333333333333333,943
validation-reactive-updated-job-0_2025-09-14T080403_2025-09-14T160405_created_at_2025-09-14T160407.json,validation-random-forest-job-0_2025-09-19T070109_2025-09-19T150110_created_at_2025-09-19T150113.json,28710.0,900.0,21210.0,900.0,0.0,1.0,941
validation-reactive-updated-job-0_2025-09-14T080403_2025-09-14T160405_created_at_2025-09-14T160407.json,validation-random-forest-job-0_2025-09-19T150124_2025-09-19T230127_created_at_2025-09-19T230129.json,28770.0,900.0,19650.0,510.0,0.0,0.5666666666666667,943
validation-reactive-updated-job-0_2025-09-14T080403_2025-09-14T160405_created_at_2025-09-14T160407.json,validation-random-forest-job-0_2025-09-19T230139_2025-09-20T070141_created_at_2025-09-20T070143.json,28620.0,900.0,18300.0,210.0,0.0,0.23333333333333334,938
validation-reactive-updated-job-0_2025-09-14T080403_2025-09-14T160405_created_at_2025-09-14T160407.json,validation-random-forest-job-0_2025-09-20T070154_2025-09-20T150156_created_at_2025-09-20T150159.json,28680.0,900.0,21390.0,900.0,0.0,1.0,940
validation-reactive-updated-job-0_2025-09-14T080403_2025-09-14T160405_created_at_2025-09-14T160407.json,validation-random-forest-job-0_2025-09-20T150209_2025-09-20T230211_created_at_2025-09-20T230213.json,28770.0,900.0,20160.0,510.0,0.0,0.5666666666666667,943
validation-reactive-updated-job-0_2025-09-14T080403_2025-09-14T160405_created_at_2025-09-14T160407.json,validation-random-forest-job-0_2025-09-20T230225_2025-09-21T070227_created_at_2025-09-21T070229.json,28560.0,900.0,13110.0,210.0,0.0,0.23333333333333334,936
validation-reactive-updated-job-0_2025-09-14T080403_2025-09-14T160405_created_at_2025-09-14T160407.json,validation-random-forest-job-0_2025-09-21T070241_2025-09-21T150243_created_at_2025-09-21T150245.json,28770.0,900.0,18000.0,210.0,0.0,0.23333333333333334,943
validation-reactive-updated-job-0_2025-09-14T080403_2025-09-14T160405_created_at_2025-09-14T160407.json,validation-random-forest-job-0_2025-09-21T150255_2025-09-21T230257_created_at_2025-09-21T230259.json,28770.0,900.0,19890.0,870.0,0.0,0.9666666666666667,943
validation-reactive-updated-job-0_2025-09-14T080403_2025-09-14T160405_created_at_2025-09-14T160407.json,validation-random-forest-job-0_2025-09-21T230311_2025-09-22T070314_created_at_2025-09-22T070316.json,28140.0,900.0,12959.999999999998,210.0,0.0,0.23333333333333334,922
validation-reactive-updated-job-0_2025-09-14T080403_2025-09-14T160405_created_at_2025-09-14T160407.json,validation-random-forest-job-0_2025-09-22T070328_2025-09-22T150330_created_at_2025-09-22T150332.json,28350.0,900.0,13470.0,210.0,0.0,0.23333333333333334,929
validation-reactive-updated-job-0_2025-09-14T080403_2025-09-14T160405_created_at_2025-09-14T160407.json,validation-random-forest-job-0_2025-09-22T150343_2025-09-22T230345_created_at_2025-09-22T230347.json,28770.0,900.0,19350.0,510.0,0.0,0.5666666666666667,943
validation-reactive-updated-job-0_2025-09-14T080403_2025-09-14T160405_created_at_2025-09-14T160407.json,validation-random-forest-job-0_2025-09-22T230358_2025-09-23T070400_created_at_2025-09-23T070402.json,28470.0,900.0,13050.0,210.0,0.0,0.23333333333333334,933
validation-reactive-updated-job-0_2025-09-14T160419_2025-09-15T000421_created_at_2025-09-15T000423.json,validation-random-forest-job-0_2025-09-18T070023_2025-09-18T150025_created_at_2025-09-18T150028.json,28740.0,2160.0,20820.0,1290.0,0.0,0.5972222222222222,920
validation-reactive-updated-job-0_2025-09-14T160419_2025-09-15T000421_created_at_2025-09-15T000423.json,validation-random-forest-job-0_2025-09-18T150039_2025-09-18T230041_created_at_2025-09-18T230043.json,28740.0,2160.0,19080.0,1290.0,0.0,0.5972222222222222,920
validation-reactive-updated-job-0_2025-09-14T160419_2025-09-15T000421_created_at_2025-09-15T000423.json,validation-random-forest-job-0_2025-09-18T230054_2025-09-19T070056_created_at_2025-09-19T070058.json,28740.0,2160.0,21210.0,1890.0,0.0,0.875,920
validation-reactive-updated-job-0_2025-09-14T160419_2025-09-15T000421_created_at_2025-09-15T000423.json,validation-random-forest-job-0_2025-09-19T070109_2025-09-19T150110_created_at_2025-09-19T150113.json,28740.0,2160.0,20970.0,1710.0,0.0,0.7916666666666666,920
validation-reactive-updated-job-0_2025-09-14T160419_2025-09-15T000421_created_at_2025-09-15T000423.json,validation-random-forest-job-0_2025-09-19T150124_2025-09-19T230127_created_at_2025-09-19T230129.json,28740.0,2160.0,19350.0,1290.0,0.0,0.5972222222222222,920
validation-reactive-updated-job-0_2025-09-14T160419_2025-09-15T000421_created_at_2025-09-15T000423.json,validation-random-forest-job-0_2025-09-19T230139_2025-09-20T070141_created_at_2025-09-20T070143.json,28740.0,2160.0,18390.0,1590.0,0.0,0.7361111111111112,920
validation-reactive-updated-job-0_2025-09-14T160419_2025-09-15T000421_created_at_2025-09-15T000423.json,validation-random-forest-job-0_2025-09-20T070154_2025-09-20T150156_created_at_2025-09-20T150159.json,28740.0,2160.0,21390.0,1620.0,0.0,0.75,920
validation-reactive-updated-job-0_2025-09-14T160419_2025-09-15T000421_created_at_2025-09-15T000423.json,validation-random-forest-job-0_2025-09-20T150209_2025-09-20T230211_created_at_2025-09-20T230213.json,28740.0,2160.0,19860.0,1290.0,0.0,0.5972222222222222,920
validation-reactive-updated-job-0_2025-09-14T160419_2025-09-15T000421_created_at_2025-09-15T000423.json,validation-random-forest-job-0_2025-09-20T230225_2025-09-21T070227_created_at_2025-09-21T070229.json,28740.0,2160.0,13350.0,1740.0,0.0,0.8055555555555556,920
validation-reactive-updated-job-0_2025-09-14T160419_2025-09-15T000421_created_at_2025-09-15T000423.json,validation-random-forest-job-0_2025-09-21T070241_2025-09-21T150243_created_at_2025-09-21T150245.json,28740.0,2160.0,18060.0,1770.0,0.0,0.8194444444444444,920
validation-reactive-updated-job-0_2025-09-14T160419_2025-09-15T000421_created_at_2025-09-15T000423.json,validation-random-forest-job-0_2025-09-21T150255_2025-09-21T230257_created_at_2025-09-21T230259.json,28740.0,2160.0,19590.0,1590.0,0.0,0.7361111111111112,920
validation-reactive-updated-job-0_2025-09-14T160419_2025-09-15T000421_created_at_2025-09-15T000423.json,validation-random-forest-job-0_2025-09-21T230311_2025-09-22T070314_created_at_2025-09-22T070316.json,28740.0,2160.0,13530.0,1230.0,0.0,0.5694444444444444,920
validation-reactive-updated-job-0_2025-09-14T160419_2025-09-15T000421_created_at_2025-09-15T000423.json,validation-random-forest-job-0_2025-09-22T070328_2025-09-22T150330_created_at_2025-09-22T150332.json,28740.0,2160.0,13830.0,1200.0,0.0,0.5555555555555556,920
validation-reactive-updated-job-0_2025-09-14T160419_2025-09-15T000421_created_at_2025-09-15T000423.json,validation-random-forest-job-0_2025-09-22T150343_2025-09-22T230345_created_at_2025-09-22T230347.json,28740.0,2160.0,19050.0,1290.0,0.0,0.5972222222222222,920
validation-reactive-updated-job-0_2025-09-14T160419_2025-09-15T000421_created_at_2025-09-15T000423.json,validation-random-forest-job-0_2025-09-22T230358_2025-09-23T070400_created_at_2025-09-23T070402.json,28740.0,2160.0,13290.0,1200.0,0.0,0.5555555555555556,920
validation-reactive-updated-job-0_2025-09-15T000434_2025-09-15T080436_created_at_2025-09-15T080438.json,validation-random-forest-job-0_2025-09-18T070023_2025-09-18T150025_created_at_2025-09-18T150028.json,28530.0,930.0,21120.0,630.0,90.0,0.6774193548387096,945
validation-reactive-updated-job-0_2025-09-15T000434_2025-09-15T080436_created_at_2025-09-15T080438.json,validation-random-forest-job-0_2025-09-18T150039_2025-09-18T230041_created_at_2025-09-18T230043.json,28740.0,930.0,19590.0,540.0,0.0,0.5806451612903226,952
validation-reactive-updated-job-0_2025-09-15T000434_2025-09-15T080436_created_at_2025-09-15T080438.json,validation-random-forest-job-0_2025-09-18T230054_2025-09-19T070056_created_at_2025-09-19T070058.json,28560.0,930.0,21210.0,720.0,0.0,0.7741935483870968,946
validation-reactive-updated-job-0_2025-09-15T000434_2025-09-15T080436_created_at_2025-09-15T080438.json,validation-random-forest-job-0_2025-09-19T070109_2025-09-19T150110_created_at_2025-09-19T150113.json,28410.0,930.0,20910.0,810.0,0.0,0.8709677419354839,941
validation-reactive-updated-job-0_2025-09-15T000434_2025-09-15T080436_created_at_2025-09-15T080438.json,validation-random-forest-job-0_2025-09-19T150124_2025-09-19T230127_created_at_2025-09-19T230129.json,28740.0,930.0,19860.0,540.0,0.0,0.5806451612903226,952
validation-reactive-updated-job-0_2025-09-15T000434_2025-09-15T080436_created_at_2025-09-15T080438.json,validation-random-forest-job-0_2025-09-19T230139_2025-09-20T070141_created_at_2025-09-20T070143.json,28320.0,930.0,18450.0,540.0,0.0,0.5806451612903226,938
validation-reactive-updated-job-0_2025-09-15T000434_2025-09-15T080436_created_at_2025-09-15T080438.json,validation-random-forest-job-0_2025-09-20T070154_2025-09-20T150156_created_at_2025-09-20T150159.json,28380.0,930.0,21090.0,870.0,60.0,0.9354838709677419,940
validation-reactive-updated-job-0_2025-09-15T000434_2025-09-15T080436_created_at_2025-09-15T080438.json,validation-random-forest-job-0_2025-09-20T150209_2025-09-20T230211_created_at_2025-09-20T230213.json,28770.0,930.0,20400.0,540.0,60.0,0.5806451612903226,953
validation-reactive-updated-job-0_2025-09-15T000434_2025-09-15T080436_created_at_2025-09-15T080438.json,validation-random-forest-job-0_2025-09-20T230225_2025-09-21T070227_created_at_2025-09-21T070229.json,28260.0,930.0,13260.0,540.0,0.0,0.5806451612903226,936
validation-reactive-updated-job-0_2025-09-15T000434_2025-09-15T080436_created_at_2025-09-15T080438.json,validation-random-forest-job-0_2025-09-21T070241_2025-09-21T150243_created_at_2025-09-21T150245.json,28680.0,930.0,18360.0,570.0,0.0,0.6129032258064516,950
validation-reactive-updated-job-0_2025-09-15T000434_2025-09-15T080436_created_at_2025-09-15T080438.json,validation-random-forest-job-0_2025-09-21T150255_2025-09-21T230257_created_at_2025-09-21T230259.json,28560.0,930.0,19680.0,780.0,0.0,0.8387096774193549,946
validation-reactive-updated-job-0_2025-09-15T000434_2025-09-15T080436_created_at_2025-09-15T080438.json,validation-random-forest-job-0_2025-09-21T230311_2025-09-22T070314_created_at_2025-09-22T070316.json,27840.0,930.0,13110.0,540.0,0.0,0.5806451612903226,922
validation-reactive-updated-job-0_2025-09-15T000434_2025-09-15T080436_created_at_2025-09-15T080438.json,validation-random-forest-job-0_2025-09-22T070328_2025-09-22T150330_created_at_2025-09-22T150332.json,28050.0,930.0,13620.0,540.0,0.0,0.5806451612903226,929
validation-reactive-updated-job-0_2025-09-15T000434_2025-09-15T080436_created_at_2025-09-15T080438.json,validation-random-forest-job-0_2025-09-22T150343_2025-09-22T230345_created_at_2025-09-22T230347.json,28710.0,930.0,19530.0,540.0,0.0,0.5806451612903226,951
validation-reactive-updated-job-0_2025-09-15T000434_2025-09-15T080436_created_at_2025-09-15T080438.json,validation-random-forest-job-0_2025-09-22T230358_2025-09-23T070400_created_at_2025-09-23T070402.json,28170.0,930.0,13200.0,540.0,0.0,0.5806451612903226,933
validation-reactive-updated-job-0_2025-09-15T080451_2025-09-15T160453_created_at_2025-09-15T160455.json,validation-random-forest-job-0_2025-09-18T070023_2025-09-18T150025_created_at_2025-09-18T150028.json,28740.0,1020.0,20880.0,750.0,0.0,0.7352941176470589,927
validation-reactive-updated-job-0_2025-09-15T080451_2025-09-15T160453_created_at_2025-09-15T160455.json,validation-random-forest-job-0_2025-09-18T150039_2025-09-18T230041_created_at_2025-09-18T230043.json,28740.0,1020.0,19140.0,450.0,0.0,0.4411764705882353,927
validation-reactive-updated-job-0_2025-09-15T080451_2025-09-15T160453_created_at_2025-09-15T160455.json,validation-random-forest-job-0_2025-09-18T230054_2025-09-19T070056_created_at_2025-09-19T070058.json,28740.0,1020.0,21150.0,630.0,0.0,0.6176470588235294,927
validation-reactive-updated-job-0_2025-09-15T080451_2025-09-15T160453_created_at_2025-09-15T160455.json,validation-random-forest-job-0_2025-09-19T070109_2025-09-19T150110_created_at_2025-09-19T150113.json,28740.0,1020.0,20790.0,630.0,0.0,0.6176470588235294,927
validation-reactive-updated-job-0_2025-09-15T080451_2025-09-15T160453_created_at_2025-09-15T160455.json,validation-random-forest-job-0_2025-09-19T150124_2025-09-19T230127_created_at_2025-09-19T230129.json,28740.0,1020.0,19620.0,450.0,0.0,0.4411764705882353,927
validation-reactive-updated-job-0_2025-09-15T080451_2025-09-15T160453_created_at_2025-09-15T160455.json,validation-random-forest-job-0_2025-09-19T230139_2025-09-20T070141_created_at_2025-09-20T070143.json,28740.0,1020.0,18420.0,840.0,0.0,0.8235294117647058,927
validation-reactive-updated-job-0_2025-09-15T080451_2025-09-15T160453_created_at_2025-09-15T160455.json,validation-random-forest-job-0_2025-09-20T070154_2025-09-20T150156_created_at_2025-09-20T150159.json,28740.0,1020.0,21000.0,570.0,0.0,0.5588235294117647,927
validation-reactive-updated-job-0_2025-09-15T080451_2025-09-15T160453_created_at_2025-09-15T160455.json,validation-random-forest-job-0_2025-09-20T150209_2025-09-20T230211_created_at_2025-09-20T230213.json,28740.0,1020.0,20130.0,450.0,0.0,0.4411764705882353,927
validation-reactive-updated-job-0_2025-09-15T080451_2025-09-15T160453_created_at_2025-09-15T160455.json,validation-random-forest-job-0_2025-09-20T230225_2025-09-21T070227_created_at_2025-09-21T070229.json,28740.0,1020.0,13500.0,840.0,0.0,0.8235294117647058,927
validation-reactive-updated-job-0_2025-09-15T080451_2025-09-15T160453_created_at_2025-09-15T160455.json,validation-random-forest-job-0_2025-09-21T070241_2025-09-21T150243_created_at_2025-09-21T150245.json,28740.0,1020.0,18180.0,840.0,0.0,0.8235294117647058,927
validation-reactive-updated-job-0_2025-09-15T080451_2025-09-15T160453_created_at_2025-09-15T160455.json,validation-random-forest-job-0_2025-09-21T150255_2025-09-21T230257_created_at_2025-09-21T230259.json,28740.0,1020.0,19620.0,450.0,0.0,0.4411764705882353,927
validation-reactive-updated-job-0_2025-09-15T080451_2025-09-15T160453_created_at_2025-09-15T160455.json,validation-random-forest-job-0_2025-09-21T230311_2025-09-22T070314_created_at_2025-09-22T070316.json,28590.0,1020.0,13620.0,510.0,0.0,0.5,922
validation-reactive-updated-job-0_2025-09-15T080451_2025-09-15T160453_created_at_2025-09-15T160455.json,validation-random-forest-job-0_2025-09-22T070328_2025-09-22T150330_created_at_2025-09-22T150332.json,28740.0,1020.0,14070.0,600.0,0.0,0.5882352941176471,927
validation-reactive-updated-job-0_2025-09-15T080451_2025-09-15T160453_created_at_2025-09-15T160455.json,validation-random-forest-job-0_2025-09-22T150343_2025-09-22T230345_created_at_2025-09-22T230347.json,28740.0,1020.0,19320.0,450.0,0.0,0.4411764705882353,927
validation-reactive-updated-job-0_2025-09-15T080451_2025-09-15T160453_created_at_2025-09-15T160455.json,validation-random-forest-job-0_2025-09-22T230358_2025-09-23T070400_created_at_2025-09-23T070402.json,28740.0,1020.0,13530.0,720.0,0.0,0.7058823529411765,927
validation-reactive-updated-job-0_2025-09-15T160507_2025-09-16T000509_created_at_2025-09-16T000511.json,validation-random-forest-job-0_2025-09-18T070023_2025-09-18T150025_created_at_2025-09-18T150028.json,28770.0,1500.0,21180.0,660.0,0.0,0.44,936
validation-reactive-updated-job-0_2025-09-15T160507_2025-09-16T000509_created_at_2025-09-16T000511.json,validation-random-forest-job-0_2025-09-18T150039_2025-09-18T230041_created_at_2025-09-18T230043.json,28770.0,1500.0,19050.0,480.0,90.0,0.32,936
validation-reactive-updated-job-0_2025-09-15T160507_2025-09-16T000509_created_at_2025-09-16T000511.json,validation-random-forest-job-0_2025-09-18T230054_2025-09-19T070056_created_at_2025-09-19T070058.json,28770.0,1500.0,21240.0,1050.0,0.0,0.7,936
validation-reactive-updated-job-0_2025-09-15T160507_2025-09-16T000509_created_at_2025-09-16T000511.json,validation-random-forest-job-0_2025-09-19T070109_2025-09-19T150110_created_at_2025-09-19T150113.json,28770.0,1500.0,20910.0,690.0,0.0,0.46,936
validation-reactive-updated-job-0_2025-09-15T160507_2025-09-16T000509_created_at_2025-09-16T000511.json,validation-random-forest-job-0_2025-09-19T150124_2025-09-19T230127_created_at_2025-09-19T230129.json,28770.0,1500.0,19500.0,540.0,0.0,0.36,936
validation-reactive-updated-job-0_2025-09-15T160507_2025-09-16T000509_created_at_2025-09-16T000511.json,validation-random-forest-job-0_2025-09-19T230139_2025-09-20T070141_created_at_2025-09-20T070143.json,28770.0,1500.0,18720.0,660.0,0.0,0.44,936
validation-reactive-updated-job-0_2025-09-15T160507_2025-09-16T000509_created_at_2025-09-16T000511.json,validation-random-forest-job-0_2025-09-20T070154_2025-09-20T150156_created_at_2025-09-20T150159.json,28770.0,1500.0,21330.0,660.0,270.0,0.44,936
validation-reactive-updated-job-0_2025-09-15T160507_2025-09-16T000509_created_at_2025-09-16T000511.json,validation-random-forest-job-0_2025-09-20T150209_2025-09-20T230211_created_at_2025-09-20T230213.json,28770.0,1500.0,20220.0,570.0,60.0,0.38,936
validation-reactive-updated-job-0_2025-09-15T160507_2025-09-16T000509_created_at_2025-09-16T000511.json,validation-random-forest-job-0_2025-09-20T230225_2025-09-21T070227_created_at_2025-09-21T070229.json,28770.0,1500.0,13380.0,780.0,0.0,0.52,936
validation-reactive-updated-job-0_2025-09-15T160507_2025-09-16T000509_created_at_2025-09-16T000511.json,validation-random-forest-job-0_2025-09-21T070241_2025-09-21T150243_created_at_2025-09-21T150245.json,28770.0,1500.0,18270.0,960.0,0.0,0.64,936
validation-reactive-updated-job-0_2025-09-15T160507_2025-09-16T000509_created_at_2025-09-16T000511.json,validation-random-forest-job-0_2025-09-21T150255_2025-09-21T230257_created_at_2025-09-21T230259.json,28770.0,1500.0,19500.0,660.0,0.0,0.44,936
validation-reactive-updated-job-0_2025-09-15T160507_2025-09-16T000509_created_at_2025-09-16T000511.json,validation-random-forest-job-0_2025-09-21T230311_2025-09-22T070314_created_at_2025-09-22T070316.json,28350.0,1500.0,13440.0,480.0,0.0,0.32,922
validation-reactive-updated-job-0_2025-09-15T160507_2025-09-16T000509_created_at_2025-09-16T000511.json,validation-random-forest-job-0_2025-09-22T070328_2025-09-22T150330_created_at_2025-09-22T150332.json,28560.0,1500.0,13740.0,480.0,0.0,0.32,929
validation-reactive-updated-job-0_2025-09-15T160507_2025-09-16T000509_created_at_2025-09-16T000511.json,validation-random-forest-job-0_2025-09-22T150343_2025-09-22T230345_created_at_2025-09-22T230347.json,28770.0,1500.0,19200.0,480.0,0.0,0.32,936
validation-reactive-updated-job-0_2025-09-15T160507_2025-09-16T000509_created_at_2025-09-16T000511.json,validation-random-forest-job-0_2025-09-22T230358_2025-09-23T070400_created_at_2025-09-23T070402.json,28680.0,1500.0,13530.0,480.0,0.0,0.32,933
validation-reactive-updated-job-0_2025-09-16T000522_2025-09-16T080524_created_at_2025-09-16T080527.json,validation-random-forest-job-0_2025-09-18T070023_2025-09-18T150025_created_at_2025-09-18T150028.json,28590.0,1050.0,21210.0,780.0,90.0,0.7428571428571429,945
validation-reactive-updated-job-0_2025-09-16T000522_2025-09-16T080524_created_at_2025-09-16T080527.json,validation-random-forest-job-0_2025-09-18T150039_2025-09-18T230041_created_at_2025-09-18T230043.json,28740.0,1050.0,19500.0,570.0,0.0,0.5428571428571428,950
validation-reactive-updated-job-0_2025-09-16T000522_2025-09-16T080524_created_at_2025-09-16T080527.json,validation-random-forest-job-0_2025-09-18T230054_2025-09-19T070056_created_at_2025-09-19T070058.json,28620.0,1050.0,21180.0,720.0,0.0,0.6857142857142857,946
validation-reactive-updated-job-0_2025-09-16T000522_2025-09-16T080524_created_at_2025-09-16T080527.json,validation-random-forest-job-0_2025-09-19T070109_2025-09-19T150110_created_at_2025-09-19T150113.json,28470.0,1050.0,21000.0,960.0,0.0,0.9142857142857143,941
validation-reactive-updated-job-0_2025-09-16T000522_2025-09-16T080524_created_at_2025-09-16T080527.json,validation-random-forest-job-0_2025-09-19T150124_2025-09-19T230127_created_at_2025-09-19T230129.json,28740.0,1050.0,19770.0,570.0,0.0,0.5428571428571428,950
validation-reactive-updated-job-0_2025-09-16T000522_2025-09-16T080524_created_at_2025-09-16T080527.json,validation-random-forest-job-0_2025-09-19T230139_2025-09-20T070141_created_at_2025-09-20T070143.json,28380.0,1050.0,18420.0,570.0,0.0,0.5428571428571428,938
validation-reactive-updated-job-0_2025-09-16T000522_2025-09-16T080524_created_at_2025-09-16T080527.json,validation-random-forest-job-0_2025-09-20T070154_2025-09-20T150156_created_at_2025-09-20T150159.json,28440.0,1050.0,21180.0,1020.0,30.0,0.9714285714285714,940
validation-reactive-updated-job-0_2025-09-16T000522_2025-09-16T080524_created_at_2025-09-16T080527.json,validation-random-forest-job-0_2025-09-20T150209_2025-09-20T230211_created_at_2025-09-20T230213.json,28740.0,1050.0,20400.0,570.0,180.0,0.5428571428571428,950
validation-reactive-updated-job-0_2025-09-16T000522_2025-09-16T080524_created_at_2025-09-16T080527.json,validation-random-forest-job-0_2025-09-20T230225_2025-09-21T070227_created_at_2025-09-21T070229.json,28320.0,1050.0,13230.0,570.0,0.0,0.5428571428571428,936
validation-reactive-updated-job-0_2025-09-16T000522_2025-09-16T080524_created_at_2025-09-16T080527.json,validation-random-forest-job-0_2025-09-21T070241_2025-09-21T150243_created_at_2025-09-21T150245.json,28740.0,1050.0,18330.0,570.0,0.0,0.5428571428571428,950
validation-reactive-updated-job-0_2025-09-16T000522_2025-09-16T080524_created_at_2025-09-16T080527.json,validation-random-forest-job-0_2025-09-21T150255_2025-09-21T230257_created_at_2025-09-21T230259.json,28620.0,1050.0,19770.0,930.0,0.0,0.8857142857142857,946
validation-reactive-updated-job-0_2025-09-16T000522_2025-09-16T080524_created_at_2025-09-16T080527.json,validation-random-forest-job-0_2025-09-21T230311_2025-09-22T070314_created_at_2025-09-22T070316.json,27900.0,1050.0,13080.0,570.0,0.0,0.5428571428571428,922
validation-reactive-updated-job-0_2025-09-16T000522_2025-09-16T080524_created_at_2025-09-16T080527.json,validation-random-forest-job-0_2025-09-22T070328_2025-09-22T150330_created_at_2025-09-22T150332.json,28110.0,1050.0,13590.0,570.0,0.0,0.5428571428571428,929
validation-reactive-updated-job-0_2025-09-16T000522_2025-09-16T080524_created_at_2025-09-16T080527.json,validation-random-forest-job-0_2025-09-22T150343_2025-09-22T230345_created_at_2025-09-22T230347.json,28740.0,1050.0,19470.0,570.0,0.0,0.5428571428571428,950
validation-reactive-updated-job-0_2025-09-16T000522_2025-09-16T080524_created_at_2025-09-16T080527.json,validation-random-forest-job-0_2025-09-22T230358_2025-09-23T070400_created_at_2025-09-23T070402.json,28230.0,1050.0,13170.0,570.0,0.0,0.5428571428571428,933
